{
  "cwd": "/media/yasen/storage/studies/uoe/fyp/project/char-rnn-experiments",
  "0": {
    "train_loss": 4.123585327748431,
    "valid_loss": 4.121249815793
  },
  "best": {
    "valid_loss": 1.9140434220857199,
    "index": 18,
    "hyperparams": {
      "adapt": true,
      "delta": 0.01,
      "n": 5
    }
  },
  "1": {
    "train_loss": 4.123585184965615,
    "valid_loss": 4.121297344159914
  },
  "2": {
    "train_loss": 4.123585327947681,
    "valid_loss": 4.121249816068741
  },
  "3": {
    "train_loss": 4.123585185045237,
    "valid_loss": 4.121297344445384
  },
  "4": {
    "train_loss": 3.4361964406296384,
    "valid_loss": 3.43233748391311
  },
  "5": {
    "train_loss": 3.4361925440784615,
    "valid_loss": 3.432692654679236
  },
  "6": {
    "train_loss": 3.4361964459839336,
    "valid_loss": 3.4323374836549156
  },
  "7": {
    "train_loss": 3.4361925512622626,
    "valid_loss": 3.432692649349159
  },
  "8": {
    "train_loss": 2.8791765771575353,
    "valid_loss": 2.8630558615952535
  },
  "9": {
    "train_loss": 2.879094742166758,
    "valid_loss": 2.864853369474517
  },
  "10": {
    "train_loss": 2.87917706942275,
    "valid_loss": 2.862996331910252
  },
  "11": {
    "train_loss": 2.879095599032234,
    "valid_loss": 2.864735212899189
  },
  "12": {
    "train_loss": 2.318284649946659,
    "valid_loss": 2.297720253291445
  },
  "13": {
    "train_loss": 2.317583599018762,
    "valid_loss": 2.305942101240962
  },
  "14": {
    "train_loss": 2.318315039955167,
    "valid_loss": 2.2967139675629094
  },
  "15": {
    "train_loss": 2.317625830372741,
    "valid_loss": 2.3043010612457113
  },
  "16": {
    "train_loss": 1.925656512662194,
    "valid_loss": 1.920507821346914
  },
  "17": {
    "train_loss": 1.92252758764901,
    "valid_loss": 1.938528837061302
  },
  "18": {
    "train_loss": 1.926004444811475,
    "valid_loss": 1.9140434220857199
  },
  "19": {
    "train_loss": 1.9229797945234794,
    "valid_loss": 1.9294543802220832
  },
  "experiment_duration_min": 81.80717777808508
}