adapts,deltas,ns,train_losses,valid_losses
True,0.001,1,4.123585327748431,4.121249815793
False,0.001,1,4.123585184965615,4.121297344159914
True,0.01,1,4.123585327947681,4.121249816068741
False,0.01,1,4.123585185045237,4.121297344445384
True,0.001,2,3.4361964406296384,3.43233748391311
False,0.001,2,3.4361925440784615,3.432692654679236
True,0.01,2,3.4361964459839336,3.4323374836549156
False,0.01,2,3.4361925512622626,3.432692649349159
True,0.001,3,2.8791765771575353,2.8630558615952535
False,0.001,3,2.879094742166758,2.864853369474517
True,0.01,3,2.87917706942275,2.862996331910252
False,0.01,3,2.879095599032234,2.864735212899189
True,0.001,4,2.318284649946659,2.297720253291445
False,0.001,4,2.317583599018762,2.305942101240962
True,0.01,4,2.318315039955167,2.2967139675629094
False,0.01,4,2.317625830372741,2.3043010612457113
True,0.001,5,1.925656512662194,1.920507821346914
False,0.001,5,1.92252758764901,1.938528837061302
True,0.01,5,1.926004444811475,1.9140434220857199
False,0.01,5,1.9229797945234794,1.9294543802220832
