{
  "cwd": "/media/yasen/storage/studies/uoe/fyp/project/char-rnn-experiments",
  "0": {
    "train_loss": 4.395280761865415,
    "valid_loss": 4.374420008824401
  },
  "best": {
    "valid_loss": 1.7634325853514017,
    "index": 8,
    "hyperparams": {
      "adapt": true,
      "delta": 0.01,
      "n": 5
    }
  },
  "1": {
    "train_loss": 4.395225177647978,
    "valid_loss": 4.374733418935768
  },
  "2": {
    "train_loss": 3.399510384914733,
    "valid_loss": 3.36373943044749
  },
  "3": {
    "train_loss": 3.398594795383459,
    "valid_loss": 3.3659161620202864
  },
  "4": {
    "train_loss": 2.6346441263508593,
    "valid_loss": 2.614148240839745
  },
  "5": {
    "train_loss": 2.630464194935963,
    "valid_loss": 2.622840748589708
  },
  "6": {
    "train_loss": 1.925740805371754,
    "valid_loss": 1.9925737283679628
  },
  "7": {
    "train_loss": 1.915295503156194,
    "valid_loss": 2.0196533218727475
  },
  "8": {
    "train_loss": 1.532480685851863,
    "valid_loss": 1.7634325853514017
  },
  "9": {
    "train_loss": 1.514083737618871,
    "valid_loss": 1.8174968851791211
  },
  "10": {
    "train_loss": 1.330515018003711,
    "valid_loss": 1.8572879254676684
  },
  "11": {
    "train_loss": 1.3052623913214658,
    "valid_loss": 1.9404312741229335
  },
  "12": {
    "train_loss": 1.2042753156011583,
    "valid_loss": 2.1325191858473596
  },
  "13": {
    "train_loss": 1.1764109109951084,
    "valid_loss": 2.2423017584736873
  },
  "14": {
    "train_loss": 1.115885571007213,
    "valid_loss": 2.5447213996246116
  },
  "15": {
    "train_loss": 1.0881923776396702,
    "valid_loss": 2.675654394452841
  },
  "experiment_duration_min": 1.050955053170522
}