{
  "times": [
    4,
    13,
    21,
    26,
    33,
    41,
    46,
    54,
    61,
    65,
    72,
    79,
    84,
    92,
    101,
    108,
    112,
    120,
    127,
    131,
    138,
    145,
    150,
    157,
    164,
    168,
    176,
    183,
    188
  ],
  "epochs": [
    1,
    2,
    3,
    3,
    4,
    5,
    5,
    6,
    7,
    7,
    8,
    9,
    9,
    10,
    11,
    12,
    12,
    13,
    14,
    14,
    15,
    16,
    16,
    17,
    18,
    18,
    19,
    20,
    20
  ],
  "batches": [
    20,
    40,
    60,
    80,
    100,
    120,
    140,
    160,
    180,
    200,
    220,
    240,
    260,
    280,
    300,
    320,
    340,
    360,
    380,
    400,
    420,
    440,
    460,
    480,
    500,
    520,
    540,
    560,
    580
  ],
  "train_errs": [
    47.65648552790533,
    18.48049759658894,
    7.37936026201608,
    5.837838280117337,
    5.710391104238202,
    5.586602842057906,
    5.823835349494498,
    5.854456413325726,
    5.752645160565119,
    5.8925425904968405,
    5.906331832675986,
    6.019721954992054,
    6.053911142880734,
    5.621018341916859,
    5.931997096034747,
    5.821729353141622,
    5.843184945560422,
    5.903983306388862,
    5.988010521154352,
    5.889071516249272,
    5.803977235126504,
    5.640815161668085,
    5.735866945905304,
    5.7983927692720725,
    5.684867881350785,
    5.646677138727949,
    5.656782202956839,
    5.628910763351074,
    5.688491383821815
  ],
  "train_errs_ra": [
    47.65648552790533,
    33.06849156224713,
    24.505447795503446,
    19.83854541665692,
    17.01291455417318,
    15.108529268820634,
    13.782144423202615,
    12.791183421968004,
    12.00912361514546,
    11.397465512680599,
    10.898271541771088,
    10.491725742872834,
    10.150355389027288,
    9.826831314233686,
    9.567175699687091,
    9.333085303028,
    9.127797046706377,
    8.948696283355403,
    8.792870716923769,
    8.647680756890043,
    8.512266303472732,
    8.381745797027067,
    8.26670758610873,
    8.163861135407203,
    8.064701405244945,
    7.9717004719173685,
    7.885962758252163,
    7.805353758434268,
    7.732358504137287
  ],
  "valid_errs": [
    33.10173111235148,
    10.114272051880047,
    5.785746368013865,
    5.769801173806907,
    5.28194885553115,
    5.454293544489045,
    6.091597960588995,
    6.046191094852321,
    5.688648643733094,
    5.817667088148809,
    5.975746104527214,
    6.000435973361813,
    6.053072100759255,
    5.762271700007384,
    6.031092171560607,
    5.98365934782385,
    5.737474342717087,
    6.004970643422559,
    5.7689376231923335,
    6.29237760546792,
    5.942621653820049,
    5.5104572179075175,
    6.221077447509494,
    5.922442727804114,
    5.6122684839133266,
    6.227368895379232,
    5.4581665935707555,
    5.558749275165339,
    5.426572932125688
  ]
}