{
  "cwd": "/afs/inf.ed.ac.uk/user/s14/s1449692/studies/fyp/project/char-rnn-experiments",
  "0": {
    "train_loss": 4.4028488660688705,
    "valid_loss": 4.413416330856654
  },
  "best": {
    "valid_loss": 1.4663713129724902,
    "index": 12,
    "hyperparams": {
      "adapt": true,
      "delta": 0.01,
      "n": 7
    }
  },
  "1": {
    "train_loss": 4.402847667699426,
    "valid_loss": 4.413794932149967
  },
  "2": {
    "train_loss": 3.418457228527214,
    "valid_loss": 3.4202643763881997
  },
  "3": {
    "train_loss": 3.4184309967133166,
    "valid_loss": 3.421048923378402
  },
  "4": {
    "train_loss": 2.6764877156859916,
    "valid_loss": 2.6802207670962592
  },
  "5": {
    "train_loss": 2.676312336704847,
    "valid_loss": 2.682497621890437
  },
  "6": {
    "train_loss": 1.9938485707246147,
    "valid_loss": 2.008691134876179
  },
  "7": {
    "train_loss": 1.993237899343313,
    "valid_loss": 2.0137654410956847
  },
  "8": {
    "train_loss": 1.611112114088016,
    "valid_loss": 1.646869084488532
  },
  "9": {
    "train_loss": 1.6098224853897107,
    "valid_loss": 1.6553377616278229
  },
  "10": {
    "train_loss": 1.4305501649698253,
    "valid_loss": 1.5035247164678163
  },
  "11": {
    "train_loss": 1.4283759890743637,
    "valid_loss": 1.5155337696232938
  },
  "12": {
    "train_loss": 1.3295469746824484,
    "valid_loss": 1.4663713129724902
  },
  "13": {
    "train_loss": 1.3263156910106577,
    "valid_loss": 1.4830005917107263
  },
  "14": {
    "train_loss": 1.261363539524304,
    "valid_loss": 1.5067209298411308
  },
  "15": {
    "train_loss": 1.2572847644945258,
    "valid_loss": 1.528942278215504
  },
  "16": {
    "train_loss": 1.2119586587078348,
    "valid_loss": 1.6219388424402341
  },
  "17": {
    "train_loss": 1.2076738214503802,
    "valid_loss": 1.650883498584706
  },
  "18": {
    "train_loss": 1.1812573285185668,
    "valid_loss": 1.81554967281093
  },
  "19": {
    "train_loss": 1.1776885306328924,
    "valid_loss": 1.8516634213075682
  },
  "20": {
    "train_loss": 1.1683073458724467,
    "valid_loss": 2.0846956862591455
  },
  "21": {
    "train_loss": 1.166213044531438,
    "valid_loss": 2.1282077732781226
  },
  "22": {
    "train_loss": 1.1684935293158412,
    "valid_loss": 2.4164988925851554
  },
  "23": {
    "train_loss": 1.168208199434824,
    "valid_loss": 2.466955334328218
  },
  "24": {
    "train_loss": 1.1801488801583608,
    "valid_loss": 2.7966821044214254
  },
  "25": {
    "train_loss": 1.181870952275703,
    "valid_loss": 2.8533191493163153
  },
  "26": {
    "train_loss": 1.2012478548283427,
    "valid_loss": 3.2082491928249324
  },
  "27": {
    "train_loss": 1.2049732227686691,
    "valid_loss": 3.2696744906271835
  },
  "28": {
    "train_loss": 1.2286426963745853,
    "valid_loss": 3.633961977085095
  },
  "29": {
    "train_loss": 1.2342187586615894,
    "valid_loss": 3.698936663525557
  },
  "experiment_duration_min": 1832.030109234651
}