{
  "times": [
    2,
    5,
    8,
    10,
    13,
    15,
    18,
    20,
    23,
    26,
    28,
    31,
    33,
    36,
    38,
    41,
    44,
    46,
    49,
    51,
    54,
    56,
    59,
    61,
    63,
    66,
    69,
    71
  ],
  "epochs": [
    1,
    1,
    2,
    2,
    2,
    3,
    3,
    3,
    4,
    4,
    4,
    5,
    5,
    5,
    6,
    6,
    7,
    7,
    7,
    8,
    8,
    8,
    9,
    9,
    9,
    10,
    10,
    10
  ],
  "batches": [
    80,
    160,
    240,
    320,
    400,
    480,
    560,
    640,
    720,
    800,
    880,
    960,
    1040,
    1120,
    1200,
    1280,
    1360,
    1440,
    1520,
    1600,
    1680,
    1760,
    1840,
    1920,
    2000,
    2080,
    2160,
    2240
  ],
  "train_errs": [
    2.699135258793831,
    2.3521119922399523,
    2.2905294001102448,
    2.2368912518024446,
    2.191402730345726,
    2.184172573685646,
    2.161048781871796,
    2.14250630736351,
    2.1442624509334562,
    2.1307874381542207,
    2.123058620095253,
    2.122587762773037,
    2.1111735075712206,
    2.1112196490168573,
    2.1066542983055117,
    2.100391247868538,
    2.107455497980118,
    2.0941056326031684,
    2.091506062448025,
    2.1029630616307258,
    2.089207749068737,
    2.0850013554096223,
    2.0961695924401282,
    2.085378535091877,
    2.083669751882553,
    2.0879704669117927,
    2.0794839054346084,
    2.087231604754925
  ],
  "train_errs_ra": [
    2.699135258793831,
    2.5256236255168916,
    2.447258883714676,
    2.3946669757366177,
    2.3540141266584396,
    2.325707201162974,
    2.3021845698356627,
    2.2822247870266437,
    2.2668956385718446,
    2.2532848185300822,
    2.241446073217825,
    2.2315412140140927,
    2.2222821596723334,
    2.2143491231969423,
    2.2071694682041803,
    2.2004958294332027,
    2.1950228687594917,
    2.189416355639696,
    2.1842631823138183,
    2.1801981762796636,
    2.175865298793429,
    2.1717351195487105,
    2.1684496618483373,
    2.1649883649001516,
    2.1617356203794476,
    2.15889849909223,
    2.155957217845651,
    2.1535027316638393
  ],
  "valid_errs": [
    2.4779301498630795,
    2.346578085149632,
    2.3142550157581088,
    2.2459433137080858,
    2.209574265254258,
    2.2182648747869704,
    2.1887199860749553,
    2.1875166664231194,
    2.175947039282109,
    2.169882270676023,
    2.157990996162508,
    2.1467193126977517,
    2.1669096777752372,
    2.153089996638736,
    2.1503171541728956,
    2.131747487795768,
    2.1514788020849602,
    2.1609270770036155,
    2.1284949165707885,
    2.14150861177597,
    2.1348334821125077,
    2.1359388905283274,
    2.119527971232412,
    2.1418412572053875,
    2.127330197253247,
    2.1318601622929876,
    2.1290397691143537,
    2.1344635322872243
  ]
}