{
  "times": [
    14,
    28,
    43,
    57,
    71,
    86,
    100,
    114,
    129,
    143,
    157,
    172,
    186,
    200
  ],
  "epochs": [
    1,
    1,
    2,
    2,
    2,
    3,
    3,
    3,
    4,
    4,
    4,
    5,
    5,
    5
  ],
  "batches": [
    640,
    1280,
    1920,
    2560,
    3200,
    3840,
    4480,
    5120,
    5760,
    6400,
    7040,
    7680,
    8320,
    8960
  ],
  "train_errs": [
    2.463534490391612,
    2.1485569573938847,
    2.1230915883556007,
    2.0998902888968587,
    2.094886098243296,
    2.093327005207539,
    2.0996621502563357,
    2.0933460969477893,
    2.1032007241621615,
    2.1071595275774597,
    2.1030825454741717,
    2.114911175146699,
    2.111665019020438,
    2.1095694795250894
  ],
  "train_errs_ra": [
    2.463534490391612,
    2.3060457238927485,
    2.2450610120470325,
    2.2087683312594892,
    2.185991884656251,
    2.1705477380814657,
    2.1604212255350186,
    2.152036834461615,
    2.146610599983898,
    2.1426654927432542,
    2.1390670429915195,
    2.137054054004451,
    2.1351010513133732,
    2.1332773676142103
  ],
  "valid_errs": [
    2.1903741058416597,
    2.15307896463951,
    2.1618185663866227,
    2.1175151323591814,
    2.1022350073384057,
    2.1289417297348927,
    2.1141298807837368,
    2.1096995244694563,
    2.1275784008627814,
    2.110214121254233,
    2.145082040429676,
    2.120945899753445,
    2.1203441277459407,
    2.1434365808122693
  ]
}