{
  "times": [
    441,
    881,
    1320,
    1756,
    2192,
    2629,
    3068,
    3509,
    3950,
    4392,
    4834,
    5275,
    5719,
    6156,
    6591,
    7027,
    7463,
    7890,
    8567,
    9018,
    9470,
    9922,
    10374,
    10825,
    11279,
    11730,
    12181,
    12636,
    13089,
    13540,
    13992,
    14443,
    14894,
    15346,
    15798,
    16238,
    16924,
    17375,
    17827,
    18279,
    18730,
    19181,
    19633,
    20084,
    20535,
    20987,
    21438,
    21880,
    22323,
    22767,
    23210,
    23653,
    24098,
    24535
  ],
  "epochs": [
    1,
    1,
    1,
    1,
    1,
    1,
    1,
    1,
    1,
    1,
    1,
    1,
    1,
    1,
    1,
    1,
    1,
    1,
    2,
    2,
    2,
    2,
    2,
    2,
    2,
    2,
    2,
    2,
    2,
    2,
    2,
    2,
    2,
    2,
    2,
    2,
    3,
    3,
    3,
    3,
    3,
    3,
    3,
    3,
    3,
    3,
    3,
    3,
    3,
    3,
    3,
    3,
    3,
    3
  ],
  "batches": [
    500,
    1000,
    1500,
    2000,
    2500,
    3000,
    3500,
    4000,
    4500,
    5000,
    5500,
    6000,
    6500,
    7000,
    7500,
    8000,
    8500,
    9000,
    9500,
    10000,
    10500,
    11000,
    11500,
    12000,
    12500,
    13000,
    13500,
    14000,
    14500,
    15000,
    15500,
    16000,
    16500,
    17000,
    17500,
    18000,
    18500,
    19000,
    19500,
    20000,
    20500,
    21000,
    21500,
    22000,
    22500,
    23000,
    23500,
    24000,
    24500,
    25000,
    25500,
    26000,
    26500,
    27000
  ],
  "train_errs": [
    3.322213885307312,
    3.061129369735718,
    2.98095999622345,
    2.9206169991493227,
    2.8340940923690794,
    2.873532555103302,
    2.655960720062256,
    2.524909194946289,
    2.416757199764252,
    2.312712261676788,
    2.2136248378753662,
    2.089525657892227,
    1.9008774073123933,
    1.6554274756908416,
    1.3970630214214326,
    1.20790860080719,
    1.1144814031124115,
    1.0492359577417374,
    1.0334503782987594,
    1.0009272998571397,
    0.9961506295204162,
    0.978498677611351,
    0.9742223094701767,
    0.9649947992563248,
    0.9529729793071747,
    0.9443661442995072,
    0.9459262897968292,
    0.9372449418306351,
    0.9422937151193619,
    0.9377434351444245,
    0.9412260718345642,
    0.935051505446434,
    0.9374128589630127,
    0.9288150473833084,
    0.9355945434570313,
    0.9184961080551147,
    0.9293604642152786,
    0.9176708654165268,
    0.9257633446455001,
    0.9182849760055543,
    0.9215218241214752,
    0.9177965081930161,
    0.9106988545656204,
    0.9060099465847016,
    0.9110931129455566,
    0.9049347310066224,
    0.9121267375946045,
    0.9099791210889816,
    0.9151503492593765,
    0.9105436215400696,
    0.9142278467416763,
    0.9075074213743209,
    0.9159745751619339,
    0.899941254734993
  ],
  "train_errs_ra": [
    3.322213885307312,
    3.191671627521515,
    3.1214344170888264,
    3.0712300626039504,
    3.0238028685569764,
    2.9987578163146975,
    2.9497868025643483,
    2.896677101612091,
    2.843352668073442,
    2.7902886274337764,
    2.7378646465648298,
    2.6838363975087796,
    2.6236087828782884,
    2.554452975222042,
    2.477293644968668,
    2.3979570797085756,
    2.3224585104970363,
    2.251723924232853,
    2.1876042639205324,
    2.1282704157173624,
    2.0743599497079837,
    2.0245480737035915,
    1.9788817361282258,
    1.9366364470918966,
    1.8972899083805077,
    1.8606389943773924,
    1.8267607460595938,
    1.7949923244799881,
    1.765588924157208,
    1.7379940745234486,
    1.7122918808883234,
    1.6880031191557643,
    1.665257959755984,
    1.6435978740979642,
    1.6233692075082233,
    1.6037893991900813,
    1.5855615901367084,
    1.5679855184335458,
    1.5515182832082115,
    1.535687450528145,
    1.520707801103592,
    1.5063527703200066,
    1.4925003536745556,
    1.4791710262406954,
    1.4665470726119145,
    1.4543381086639735,
    1.4428016965135613,
    1.4317012261922157,
    1.4211593715609334,
    1.4109470565605162,
    1.4012074642111272,
    1.3917132326181116,
    1.3827370315340328,
    1.3737963690007173
  ],
  "valid_errs": [
    3.2148006100654603,
    3.140003520488739,
    3.1311789536476136,
    3.138918974876404,
    3.0904025506973265,
    2.903496802330017,
    2.7821054558753966,
    2.6623680243492127,
    2.612186185836792,
    2.5271054782867433,
    2.439590178012848,
    2.13397314786911,
    1.9128830988407135,
    1.4993538439273835,
    1.280286235809326,
    1.1649537185430527,
    1.0767061331272125,
    1.0361473406553268,
    1.0372596448659896,
    1.0286754114627839,
    1.0309064072370528,
    1.0299676998853684,
    1.0229543501138687,
    1.0177731816768647,
    1.0165665570497513,
    1.011126436829567,
    1.0088137322664261,
    1.0031993693113328,
    1.0025088592767715,
    0.9966624445915222,
    0.9363622975349426,
    0.9330437356233596,
    0.9264739656448364,
    0.9286518651247024,
    0.9170272188186646,
    0.9135017648935319,
    0.934785061955452,
    0.9441707351207733,
    0.9525919456481934,
    0.95936962723732,
    0.9644221005439758,
    0.965371801495552,
    0.9672950642108917,
    0.9629726009368896,
    0.9629990321397781,
    0.9628837469816208,
    0.9649551972150803,
    0.9618090229034424,
    0.9107693713903428,
    0.9059762989282608,
    0.9027987667322159,
    0.9033159445524216,
    0.8966894450187683,
    0.897238517165184
  ]
}