{
  "times": [
    441,
    881,
    1320,
    1756,
    2192,
    2629,
    3068,
    3509,
    3950,
    4392,
    4834,
    5275,
    5719,
    6156,
    6591,
    7027,
    7463,
    7890
  ],
  "epochs": [
    1,
    1,
    1,
    1,
    1,
    1,
    1,
    1,
    1,
    1,
    1,
    1,
    1,
    1,
    1,
    1,
    1,
    1
  ],
  "batches": [
    500,
    1000,
    1500,
    2000,
    2500,
    3000,
    3500,
    4000,
    4500,
    5000,
    5500,
    6000,
    6500,
    7000,
    7500,
    8000,
    8500,
    9000
  ],
  "train_errs": [
    3.322213885307312,
    3.061129369735718,
    2.98095999622345,
    2.9206169991493227,
    2.8340940923690794,
    2.873532555103302,
    2.655960720062256,
    2.524909194946289,
    2.416757199764252,
    2.312712261676788,
    2.2136248378753662,
    2.089525657892227,
    1.9008774073123933,
    1.6554274756908416,
    1.3970630214214326,
    1.20790860080719,
    1.1144814031124115,
    1.0492359577417374
  ],
  "train_errs_ra": [
    3.322213885307312,
    3.191671627521515,
    3.1214344170888264,
    3.0712300626039504,
    3.0238028685569764,
    2.9987578163146975,
    2.9497868025643483,
    2.896677101612091,
    2.843352668073442,
    2.7902886274337764,
    2.7378646465648298,
    2.6838363975087796,
    2.6236087828782884,
    2.554452975222042,
    2.477293644968668,
    2.3979570797085756,
    2.3224585104970363,
    2.251723924232853
  ],
  "valid_errs": [
    3.2148006100654603,
    3.140003520488739,
    3.1311789536476136,
    3.138918974876404,
    3.0904025506973265,
    2.903496802330017,
    2.7821054558753966,
    2.6623680243492127,
    2.612186185836792,
    2.5271054782867433,
    2.439590178012848,
    2.13397314786911,
    1.9128830988407135,
    1.4993538439273835,
    1.280286235809326,
    1.1649537185430527,
    1.0767061331272125,
    1.0361473406553268
  ]
}