{
  "times": [
    4,
    8,
    13,
    16,
    21,
    25,
    29,
    34,
    38,
    43,
    47,
    52,
    56,
    60
  ],
  "epochs": [
    1,
    1,
    2,
    2,
    2,
    3,
    3,
    3,
    4,
    4,
    4,
    5,
    5,
    5
  ],
  "batches": [
    160,
    320,
    480,
    640,
    800,
    960,
    1120,
    1280,
    1440,
    1600,
    1760,
    1920,
    2080,
    2240
  ],
  "train_errs": [
    2.647710606455803,
    2.1490025259554386,
    2.099196623265743,
    2.062398476153612,
    2.0351326420903204,
    2.0267026752233503,
    2.0156759917736053,
    1.9999106965959073,
    2.0035042107105254,
    1.9937625959515572,
    1.9858666144311428,
    1.9822736151516438,
    1.978502567857504,
    1.9766534991562366
  ],
  "train_errs_ra": [
    2.647710606455803,
    2.3983565662056208,
    2.2986365852256614,
    2.239577057957649,
    2.1986881747841833,
    2.170023924857378,
    2.1479742201311245,
    2.1294662796892223,
    2.1154704942471447,
    2.103299704417586,
    2.092623968964273,
    2.083428106146554,
    2.07535691089355,
    2.0683066671980277
  ],
  "valid_errs": [
    2.2220776973005445,
    2.1555717657561138,
    2.123440168987213,
    2.094159633323069,
    2.0788245232511215,
    2.0777911274886947,
    2.0717543482817837,
    2.0443950044806005,
    2.0507794573375073,
    2.071725996432539,
    2.0512482977167648,
    2.036635916073818,
    2.0529285011787928,
    2.044796179214889
  ]
}