{
  "times": [
    2,
    5,
    7,
    10,
    12,
    15,
    18,
    20,
    23,
    26,
    28,
    31,
    34,
    36,
    39,
    42,
    44,
    47,
    49,
    52,
    55,
    57,
    60,
    62,
    65,
    68,
    70,
    73
  ],
  "epochs": [
    1,
    1,
    2,
    2,
    2,
    3,
    3,
    3,
    4,
    4,
    4,
    5,
    5,
    5,
    6,
    6,
    7,
    7,
    7,
    8,
    8,
    8,
    9,
    9,
    9,
    10,
    10,
    10
  ],
  "batches": [
    80,
    160,
    240,
    320,
    400,
    480,
    560,
    640,
    720,
    800,
    880,
    960,
    1040,
    1120,
    1200,
    1280,
    1360,
    1440,
    1520,
    1600,
    1680,
    1760,
    1840,
    1920,
    2000,
    2080,
    2160,
    2240
  ],
  "train_errs": [
    14.228729119896888,
    3.796990829706192,
    3.5887484163045884,
    3.590020716190338,
    3.514456367492676,
    3.489800348877907,
    3.471124345064163,
    3.3785876989364625,
    3.3406457215547563,
    3.3304173409938813,
    3.2462746798992157,
    3.246607691049576,
    3.118243870139122,
    3.049242827296257,
    3.034457615017891,
    2.933882600069046,
    2.8993145376443863,
    2.8682003736495973,
    2.7669255286455154,
    2.790006172657013,
    2.7497324854135514,
    2.7055591970682142,
    2.7025327533483505,
    2.7034349918365477,
    2.6439264714717865,
    2.622483515739441,
    2.6147008031606673,
    2.5753696769475938
  ],
  "train_errs_ra": [
    14.228729119896888,
    9.01285997480154,
    7.204822788635889,
    6.301122270524502,
    5.7437890899181365,
    5.368124299744766,
    5.097124306218966,
    4.882307230308653,
    4.711011507113775,
    4.5729520905017855,
    4.4523450531742785,
    4.3518669396638865,
    4.256972857392751,
    4.170706426671573,
    4.09495650589466,
    4.022389386780559,
    3.956326160360784,
    3.895874727765718,
    3.8364563488646546,
    3.7841338400542726,
    3.7348766326904284,
    3.6880894765257826,
    3.6452391842137204,
    3.6059973428646717,
    3.5675145080089563,
    3.5311671621524368,
    3.49722396367126,
    3.4643005962882722
  ],
  "valid_errs": [
    4.120265177702523,
    3.967025547051512,
    3.6953541918509654,
    3.6401490951339515,
    3.206242923341825,
    3.610846259445186,
    3.5775895777373674,
    3.257203273617687,
    3.2122810464101215,
    3.104842721350554,
    3.071413535988043,
    3.122988117417784,
    3.151583764724277,
    2.7406677345229227,
    2.977247773161799,
    2.9270738693343765,
    2.6925788897636656,
    2.671980186254861,
    2.726698484716837,
    2.7374540362921804,
    2.7566082605413973,
    2.674915887001877,
    2.52190078848692,
    2.6248063331638694,
    2.620837348200528,
    2.626558132850477,
    2.621371596163812,
    2.5507105365745995
  ]
}