{
  "times": [
    869,
    1732,
    2914,
    3781,
    4937,
    5839,
    6697,
    7856,
    8722,
    9858,
    10723,
    11566,
    12645,
    13436,
    14466,
    15243,
    16255,
    17032,
    17795,
    18809,
    19583
  ],
  "epochs": [
    1,
    1,
    2,
    2,
    3,
    3,
    3,
    4,
    4,
    5,
    5,
    5,
    6,
    6,
    7,
    7,
    8,
    8,
    8,
    9,
    9
  ],
  "batches": [
    500,
    1000,
    1500,
    2000,
    2500,
    3000,
    3500,
    4000,
    4500,
    5000,
    5500,
    6000,
    6500,
    7000,
    7500,
    8000,
    8500,
    9000,
    9500,
    10000,
    10500
  ],
  "train_errs": [
    3.903694286800137,
    2.106078460488647,
    1.884735217938678,
    1.8051975676222656,
    1.7334644611089176,
    1.7245031179685868,
    1.6753121183734454,
    1.6838339103184923,
    1.6492142962900158,
    1.6373976239154522,
    1.6401864804792665,
    1.595337031904389,
    1.6357861777777098,
    1.5953171028987716,
    1.6041376847747113,
    1.598512409501021,
    1.5741031749975174,
    1.5971214894932109,
    1.5628977633606513,
    1.590416645755422,
    1.5670816111055887
  ],
  "valid_errs": [
    2.417754635556627,
    1.9918989476081275,
    1.8452634360555622,
    1.7830965679983701,
    1.7719302280680562,
    1.7406336851772966,
    1.719216330521177,
    1.7185558397496707,
    1.7324198496664502,
    1.683594066237304,
    1.6957520667316257,
    1.6824471354365313,
    1.6908773165230304,
    1.701278478982345,
    1.6675556977238442,
    1.6751785148550005,
    1.6595897107107227,
    1.6736420755967705,
    1.6877776646073972,
    1.6831573309139631,
    1.7092668074017268
  ],
  "batches_per_epoch": 1200
}