{
  "times": [
    1702,
    3408,
    5110,
    6815,
    8517,
    10226,
    11931,
    13627,
    15324,
    17027,
    18728,
    20389,
    23249,
    24952,
    26645,
    28339,
    30036,
    31730,
    33429,
    35128,
    36820,
    38524,
    40219,
    41883
  ],
  "epochs": [
    1,
    1,
    1,
    1,
    1,
    1,
    1,
    1,
    1,
    1,
    1,
    1,
    2,
    2,
    2,
    2,
    2,
    2,
    2,
    2,
    2,
    2,
    2,
    2
  ],
  "batches": [
    500,
    1000,
    1500,
    2000,
    2500,
    3000,
    3500,
    4000,
    4500,
    5000,
    5500,
    6000,
    6500,
    7000,
    7500,
    8000,
    8500,
    9000,
    9500,
    10000,
    10500,
    11000,
    11500,
    12000
  ],
  "train_errs": [
    5.782515022063575,
    2.2190698313976607,
    1.9568711487522155,
    1.9374823083091568,
    1.7801157564384482,
    1.8320338911196987,
    1.8119201603135855,
    1.7506788688307742,
    1.808868229455987,
    1.7212946202970159,
    1.7877854465811862,
    1.761809786870351,
    1.8209080723657205,
    1.7174243691573154,
    1.6965992400271102,
    1.7457756121538324,
    1.6432288263997719,
    1.7130561855916693,
    1.7087513315415168,
    1.6575444469353127,
    1.7259370793864999,
    1.6450750178490507,
    1.7164164693034805,
    1.6953028041919944
  ],
  "valid_errs": [
    2.7574534850662187,
    2.349267200076907,
    2.1609202837242303,
    2.1170626420705942,
    2.0940185434199385,
    2.0321559563557163,
    1.9937582740603847,
    2.0021151565710427,
    1.9688542025606786,
    1.987145933599119,
    1.9310887509336552,
    1.9144951476107572,
    1.8857332413448202,
    1.9332436381705524,
    1.9004831376798124,
    1.8969868155191834,
    1.9107787272130337,
    1.8790203985219565,
    1.8702363516084697,
    1.8781499036050915,
    1.8685776734453645,
    1.893965042593332,
    1.8491877244021382,
    1.8401260306748988
  ],
  "batches_per_epoch": 6000
}