{
  "times": [
    1702,
    3408,
    5110,
    6815,
    8517,
    10226,
    11931,
    13627,
    15324,
    17027,
    18728,
    20389
  ],
  "epochs": [
    1,
    1,
    1,
    1,
    1,
    1,
    1,
    1,
    1,
    1,
    1,
    1
  ],
  "batches": [
    500,
    1000,
    1500,
    2000,
    2500,
    3000,
    3500,
    4000,
    4500,
    5000,
    5500,
    6000
  ],
  "train_errs": [
    5.782515022063575,
    2.2190698313976607,
    1.9568711487522155,
    1.9374823083091568,
    1.7801157564384482,
    1.8320338911196987,
    1.8119201603135855,
    1.7506788688307742,
    1.808868229455987,
    1.7212946202970159,
    1.7877854465811862,
    1.761809786870351
  ],
  "valid_errs": [
    2.7574534850662187,
    2.349267200076907,
    2.1609202837242303,
    2.1170626420705942,
    2.0940185434199385,
    2.0321559563557163,
    1.9937582740603847,
    2.0021151565710427,
    1.9688542025606786,
    1.987145933599119,
    1.9310887509336552,
    1.9144951476107572
  ],
  "batches_per_epoch": 6000
}