{
  "times": [
    7,
    15,
    23,
    31,
    39,
    47,
    55,
    63,
    71,
    78,
    86,
    94,
    101,
    109
  ],
  "epochs": [
    1,
    1,
    2,
    2,
    2,
    3,
    3,
    3,
    4,
    4,
    4,
    5,
    5,
    5
  ],
  "batches": [
    320,
    640,
    960,
    1280,
    1600,
    1920,
    2240,
    2560,
    2880,
    3200,
    3520,
    3840,
    4160,
    4480
  ],
  "train_errs": [
    2.7355559896677732,
    2.107421638444066,
    2.069201271608472,
    2.0356307089328767,
    2.014847729355097,
    2.0113321300596,
    2.001535023376346,
    1.9843332011252641,
    1.9945495963096618,
    1.9887669466435909,
    1.977763234451413,
    1.9806772135198116,
    1.9765169840306043,
    1.974117312207818
  ],
  "train_errs_ra": [
    2.7355559896677732,
    2.4214888140559196,
    2.3040596332401035,
    2.236952402163297,
    2.1925314676016567,
    2.162331578011314,
    2.13936064163489,
    2.1199822115711866,
    2.106045254319906,
    2.0943174235522743,
    2.083721588179469,
    2.0751345569578303,
    2.067548589809582,
    2.060874927123742
  ],
  "valid_errs": [
    2.1815382267995926,
    2.1132867443184002,
    2.0819627434977845,
    2.06040550070745,
    2.0561521518712658,
    2.0548524237905186,
    2.022231948566347,
    2.0369519156398876,
    2.102157522346877,
    2.03645862236633,
    2.0369089149912907,
    2.025583808345083,
    2.0161805561471784,
    2.0234643571539035
  ]
}