{
  "times": [
    2,
    5,
    9,
    12,
    14,
    18,
    21,
    23,
    27,
    30,
    32,
    36,
    39,
    41,
    45,
    48,
    51,
    54,
    57,
    60,
    63,
    66,
    69,
    72,
    75,
    78,
    81,
    84
  ],
  "epochs": [
    1,
    1,
    2,
    2,
    2,
    3,
    3,
    3,
    4,
    4,
    4,
    5,
    5,
    5,
    6,
    6,
    7,
    7,
    7,
    8,
    8,
    8,
    9,
    9,
    9,
    10,
    10,
    10
  ],
  "batches": [
    80,
    160,
    240,
    320,
    400,
    480,
    560,
    640,
    720,
    800,
    880,
    960,
    1040,
    1120,
    1200,
    1280,
    1360,
    1440,
    1520,
    1600,
    1680,
    1760,
    1840,
    1920,
    2000,
    2080,
    2160,
    2240
  ],
  "train_errs": [
    34.50101147294045,
    8.293685656785964,
    6.263937175273895,
    6.292683947086334,
    5.892219370603561,
    6.0199930429458615,
    5.801041913032532,
    5.985996109247208,
    5.69333478808403,
    5.976756209135056,
    5.773501044511795,
    5.920326805114746,
    5.621127945184708,
    5.791032910346985,
    5.915292632579804,
    5.79752225279808,
    6.17692801952362,
    6.107290637493134,
    5.677019172906876,
    5.751557981967926,
    5.804170089960098,
    5.524416154623031,
    5.997804588079452,
    5.834136509895325,
    5.877174371480942,
    5.710183548927307,
    5.720303058624268,
    5.583251082897187
  ],
  "train_errs_ra": [
    34.50101147294045,
    21.397348564863208,
    16.35287810166677,
    13.83782956302166,
    12.248707524538041,
    11.210588444272679,
    10.437796082666942,
    9.881321085989475,
    9.415989275111093,
    9.07206596851349,
    8.772196429967881,
    8.534540627896787,
    8.310431959995858,
    8.130474885020938,
    7.982796068191529,
    7.846216454729438,
    7.74802301736439,
    7.656871218482653,
    7.552668479241823,
    7.462612954378128,
    7.383639484643935,
    7.29912933327935,
    7.242549996531528,
    7.18386610125502,
    7.131598432064056,
    7.076928628866489,
    7.026683237376036,
    6.975132089001792
  ],
  "valid_errs": [
    11.514521667896748,
    5.407777980040068,
    5.766918401727112,
    6.923667443886413,
    5.6204764613465255,
    5.789201158384202,
    6.368016024374521,
    5.628977530351737,
    5.952050859930374,
    5.779822685681903,
    5.572533394259396,
    5.109832154055979,
    7.1434306676726465,
    6.065329421908551,
    6.682236606105064,
    6.3632823911794265,
    5.3322671199151435,
    5.939895382866511,
    6.238438761021209,
    6.303829547341396,
    5.498436102713115,
    5.139991518471001,
    5.367694632242226,
    6.683782865500966,
    5.7449239518209545,
    6.554182088049873,
    6.116942116667687,
    6.3972297894539745
  ]
}