{
  "times": [
    3,
    7,
    11,
    15,
    19,
    24,
    28,
    32,
    37,
    41,
    45,
    49,
    53,
    57
  ],
  "epochs": [
    1,
    1,
    2,
    2,
    2,
    3,
    3,
    3,
    4,
    4,
    4,
    5,
    5,
    5
  ],
  "batches": [
    160,
    320,
    480,
    640,
    800,
    960,
    1120,
    1280,
    1440,
    1600,
    1760,
    1920,
    2080,
    2240
  ],
  "train_errs": [
    2.7003407672047617,
    2.2695498526096345,
    2.2248413071036337,
    2.190341444313526,
    2.1628422260284426,
    2.158009481430054,
    2.1471734225749968,
    2.131828785687685,
    2.131710385531187,
    2.12950736284256,
    2.126088570803404,
    2.120258469134569,
    2.1158281855285166,
    2.1190796956419944
  ],
  "train_errs_ra": [
    2.7003407672047617,
    2.4849453099071983,
    2.3982439756393434,
    2.346268342807889,
    2.309583119452,
    2.284320846448342,
    2.2647283573235786,
    2.248115910869092,
    2.2351819636093246,
    2.2246145035326483,
    2.2156576005572624,
    2.207707672938705,
    2.200640020060998,
    2.194814282602498
  ],
  "valid_errs": [
    2.3455516521965833,
    2.2763020217736414,
    2.216950211939149,
    2.219444013456821,
    2.2055075857175037,
    2.1958350361458896,
    2.1686043056734454,
    2.163455085868034,
    2.1607510222653006,
    2.1791750495805378,
    2.1779587553675626,
    2.1604232067372515,
    2.147727807886214,
    2.1619577499795164
  ]
}