{
  "batch_size": 100,
  "num_timesteps": 10,
  "lr": 0.1,
  "epochs": 10,
  "valid_losses": [
    2.4267508157731847,
    1.7980591848346914,
    1.7334923311571797,
    1.699433553964308,
    1.6662474312575433,
    1.641214805443006,
    1.6272797054881356,
    1.6193727367838022,
    1.6143203021261927,
    1.6109468088380587,
    1.6084457605699833
  ],
  "train_losses": [
    1.611465573310852,
    1.466638207435608,
    1.4081838130950928,
    1.424347162246704,
    1.3300379514694214,
    1.3482812643051147,
    1.3298048973083496,
    1.3538460731506348,
    1.3139936923980713,
    1.3430265188217163,
    1.3348262310028076,
    1.2815048694610596,
    1.2815090417861938,
    1.2548969984054565,
    1.3254399299621582,
    1.2528163194656372,
    1.2683862447738647,
    1.4000781774520874,
    1.409988522529602,
    1.3165371417999268,
    1.2612144947052002,
    1.1966185569763184,
    1.2598628997802734,
    1.28634512424469,
    1.2057688236236572,
    1.2015961408615112,
    1.2601319551467896,
    1.2987169027328491,
    1.3008081912994385,
    1.1611106395721436,
    1.2200006246566772,
    1.1695096492767334,
    1.1828721761703491,
    1.2812042236328125,
    1.2337462902069092,
    1.2012063264846802,
    1.1565256118774414,
    1.2618677616119385,
    1.1277189254760742,
    1.229086995124817,
    1.2145771980285645,
    1.1868003606796265,
    1.2448498010635376,
    1.2635917663574219,
    1.2576476335525513,
    1.0786759853363037,
    1.176546573638916,
    1.239188551902771,
    1.1296895742416382,
    1.2317678928375244,
    1.1927473545074463,
    1.2566767930984497,
    1.340794324874878,
    1.2760642766952515,
    1.1736762523651123,
    1.2666878700256348,
    1.1002614498138428,
    1.1372489929199219,
    1.1270935535430908,
    1.1819164752960205,
    1.180332899093628,
    1.1240029335021973,
    1.0314710140228271,
    1.106497049331665,
    1.1594605445861816,
    1.154564380645752,
    1.2203751802444458,
    1.1568353176116943,
    1.0917387008666992,
    1.0456981658935547,
    1.0780487060546875,
    1.0589641332626343,
    1.0981138944625854,
    1.0560493469238281,
    1.1398438215255737,
    1.1188383102416992,
    1.119441032409668,
    1.0981940031051636,
    1.0939770936965942,
    1.101534128189087,
    1.0987190008163452,
    1.1387828588485718,
    1.0921858549118042,
    1.1136938333511353,
    1.2534955739974976,
    1.2650851011276245,
    1.1633943319320679,
    1.1394035816192627,
    1.0339186191558838,
    1.1280442476272583,
    1.1535686254501343,
    1.0846551656723022,
    1.0830427408218384,
    1.1372615098953247,
    1.1801661252975464,
    1.1825817823410034,
    1.0755327939987183,
    1.1075265407562256,
    1.0689144134521484,
    1.0623338222503662,
    1.1956216096878052,
    1.1184650659561157,
    1.1077585220336914,
    1.0537223815917969,
    1.1716505289077759,
    1.0439085960388184,
    1.12760591506958,
    1.121791124343872,
    1.1127058267593384,
    1.166404128074646,
    1.1864577531814575,
    1.1368763446807861,
    0.9867831468582153,
    1.070719599723816,
    1.1606196165084839,
    1.052125334739685,
    1.1531243324279785,
    1.1014660596847534,
    1.1550880670547485,
    1.2572532892227173,
    1.1876119375228882,
    1.0934947729110718,
    1.1835206747055054,
    1.0193524360656738,
    1.0741803646087646,
    1.0490484237670898,
    1.1018062829971313,
    1.0962995290756226,
    1.031285047531128,
    0.9649510383605957,
    1.0286613702774048,
    1.1013730764389038,
    1.0683925151824951,
    1.1584632396697998,
    1.0899873971939087,
    1.0280348062515259,
    0.989161491394043,
    1.019147276878357,
    0.9995113611221313,
    1.0422437191009521,
    0.9923405051231384,
    1.095899224281311,
    1.076366901397705,
    1.0749539136886597,
    1.0359094142913818,
    1.0424294471740723,
    1.052201747894287,
    1.0481369495391846,
    1.087753176689148,
    1.049996256828308,
    1.0723316669464111,
    1.2078990936279297,
    1.2093615531921387,
    1.11019766330719,
    1.0951626300811768,
    0.9751787781715393,
    1.071200966835022,
    1.0980638265609741,
    1.0403164625167847,
    1.0300475358963013,
    1.0825449228286743,
    1.133544921875,
    1.1343369483947754,
    1.040122628211975,
    1.0650242567062378,
    1.030519723892212,
    1.0124602317810059,
    1.148508071899414,
    1.064284086227417,
    1.060039758682251,
    1.0108166933059692,
    1.12692391872406,
    0.9996953010559082,
    1.0770561695098877,
    1.0821446180343628,
    1.0698498487472534,
    1.126376748085022,
    1.1443454027175903,
    1.0762940645217896,
    0.9409936666488647,
    1.0197086334228516,
    1.1224623918533325,
    1.014497995376587,
    1.1198948621749878,
    1.0510421991348267,
    1.1075204610824585,
    1.2046005725860596,
    1.1338943243026733,
    1.0409289598464966,
    1.1445322036743164,
    0.9776706099510193,
    1.0376957654953003,
    1.008402943611145,
    1.0542188882827759,
    1.0503182411193848,
    0.9862591624259949,
    0.9297799468040466,
    0.9913231730461121,
    1.0675562620162964,
    1.0250296592712402,
    1.1180360317230225,
    1.0481902360916138,
    0.9896319508552551,
    0.9533932209014893,
    0.98443603515625,
    0.9627760648727417,
    1.0051686763763428,
    0.9579276442527771,
    1.0611159801483154,
    1.044861078262329,
    1.0445178747177124,
    0.9989765286445618,
    1.0086561441421509,
    1.0248634815216064,
    1.0201919078826904,
    1.0469980239868164,
    1.0152353048324585,
    1.0386136770248413,
    1.1785833835601807,
    1.1583781242370605,
    1.0652161836624146,
    1.0552573204040527,
    0.9409570097923279,
    1.024512767791748,
    1.0602091550827026,
    1.0013905763626099,
    0.9934168457984924,
    1.0479578971862793,
    1.0963609218597412,
    1.0942436456680298,
    1.0025466680526733,
    1.01528000831604,
    0.9997721910476685,
    0.977101743221283,
    1.1191807985305786,
    1.0363095998764038,
    1.021532654762268,
    0.9739832282066345,
    1.0959734916687012,
    0.9708049297332764,
    1.0408612489700317,
    1.043466329574585,
    1.0357975959777832,
    1.0914958715438843,
    1.109352469444275,
    1.0255745649337769,
    0.9139050841331482,
    0.973055362701416,
    1.0948891639709473,
    0.9816210865974426,
    1.0931322574615479,
    1.016922950744629,
    1.0685402154922485,
    1.1642857789993286,
    1.094711184501648,
    1.000604271888733,
    1.1145853996276855,
    0.9463164210319519,
    1.0111274719238281,
    0.9758011698722839,
    1.0196713209152222,
    1.0087674856185913,
    0.9583908319473267,
    0.9040190577507019,
    0.9585514068603516,
    1.0343575477600098,
    0.9947543740272522,
    1.0859917402267456,
    1.0172088146209717,
    0.9599102735519409,
    0.9229311347007751,
    0.9588276147842407,
    0.9357475638389587,
    0.9650506377220154,
    0.9360935091972351,
    1.0296417474746704,
    1.0197992324829102,
    1.0192251205444336,
    0.9693369269371033,
    0.9837561249732971,
    1.0006275177001953,
    0.996354341506958,
    1.0126216411590576,
    0.9848657250404358,
    1.0099687576293945,
    1.1598385572433472,
    1.1220839023590088,
    1.038635015487671,
    1.0265154838562012,
    0.9206006526947021,
    0.9929500818252563,
    1.0332828760147095,
    0.9699521064758301,
    0.9650672674179077,
    1.0213016271591187,
    1.06962251663208,
    1.0651026964187622,
    0.9779532551765442,
    0.9838211536407471,
    0.9752881526947021,
    0.9493799209594727,
    1.0949684381484985,
    1.0130223035812378,
    0.9944406747817993,
    0.9445549249649048,
    1.0706771612167358,
    0.9461683034896851,
    1.0175939798355103,
    1.017142653465271,
    1.0052119493484497,
    1.0647904872894287,
    1.0840590000152588,
    0.991989254951477,
    0.8906219005584717,
    0.9418442845344543,
    1.0756067037582397,
    0.9538191556930542,
    1.0721515417099,
    0.9888184070587158,
    1.038456678390503,
