{
  "times": [
    7,
    15,
    23,
    31,
    39,
    47,
    55,
    62,
    70,
    78,
    86,
    94,
    102,
    109
  ],
  "epochs": [
    1,
    1,
    2,
    2,
    2,
    3,
    3,
    3,
    4,
    4,
    4,
    5,
    5,
    5
  ],
  "batches": [
    320,
    640,
    960,
    1280,
    1600,
    1920,
    2240,
    2560,
    2880,
    3200,
    3520,
    3840,
    4160,
    4480
  ],
  "train_errs": [
    2.7300032645463945,
    2.097118531540036,
    2.0497107833623884,
    2.0150545462965965,
    1.994095030799508,
    1.9916255049407483,
    1.9859804429113865,
    1.9692899223417044,
    1.973449843004346,
    1.971045495942235,
    1.9668108835816382,
    1.9582132883369923,
    1.966407883167267,
    1.9677520744502544
  ],
  "train_errs_ra": [
    2.7300032645463945,
    2.4135608980432153,
    2.2922775264829394,
    2.2229717814363537,
    2.1771964313089844,
    2.1462679435809453,
    2.1233697291995797,
    2.104109753342345,
    2.089591985527012,
    2.0777373365685343,
    2.0676531135697256,
    2.0585331281336643,
    2.0514465708285567,
    2.045468392515821
  ],
  "valid_errs": [
    2.209623143604909,
    2.1147335444396846,
    2.0959034394455314,
    2.0536426040736737,
    2.055773801136705,
    2.0332350696878922,
    2.0160538777545463,
    2.026733121889891,
    2.0203072816161534,
    2.0282407538126015,
    2.0216669281959234,
    2.041914084145327,
    1.9974528070750674,
    2.008236663885048
  ]
}