{
  "times": [
    2,
    5,
    7,
    10,
    12,
    15,
    18,
    20,
    23,
    26,
    28,
    31,
    33,
    36,
    39,
    41,
    44,
    46,
    49,
    52,
    54,
    57,
    59,
    62,
    64,
    67,
    70,
    72
  ],
  "epochs": [
    1,
    1,
    2,
    2,
    2,
    3,
    3,
    3,
    4,
    4,
    4,
    5,
    5,
    5,
    6,
    6,
    7,
    7,
    7,
    8,
    8,
    8,
    9,
    9,
    9,
    10,
    10,
    10
  ],
  "batches": [
    80,
    160,
    240,
    320,
    400,
    480,
    560,
    640,
    720,
    800,
    880,
    960,
    1040,
    1120,
    1200,
    1280,
    1360,
    1440,
    1520,
    1600,
    1680,
    1760,
    1840,
    1920,
    2000,
    2080,
    2160,
    2240
  ],
  "train_errs": [
    2.702806279063225,
    2.3595173209905624,
    2.281643033027649,
    2.2247088342905044,
    2.178425261378288,
    2.1743319660425184,
    2.156075456738472,
    2.133048418164253,
    2.1374571934342383,
    2.12002355158329,
    2.1125415205955504,
    2.119594992697239,
    2.099643698334694,
    2.106577506661415,
    2.0986156672239304,
    2.0921289324760437,
    2.1003834500908853,
    2.0894323363900185,
    2.0826122954487802,
    2.0916190043091776,
    2.084404671192169,
    2.0747641280293463,
    2.0858221277594566,
    2.079467032849789,
    2.0714302331209185,
    2.0807667106389998,
    2.071167078614235,
    2.0755297586321833
  ],
  "train_errs_ra": [
    2.702806279063225,
    2.5311618000268936,
    2.447988877693812,
    2.3921688668429852,
    2.349420145750046,
    2.3202387824654584,
    2.296786878790175,
    2.2763195712119346,
    2.260890418125524,
    2.2468037314713003,
    2.234598075937141,
    2.225014485667149,
    2.215370578949268,
    2.2075996452144215,
    2.2003340466817223,
    2.193571227043867,
    2.1880895931054565,
    2.182608634399043,
    2.1773456691911344,
    2.1730593359470367,
    2.1688376852444238,
    2.1645616144619204,
    2.161138158518335,
    2.1577351949488124,
    2.1542829964756964,
    2.151455447020439,
    2.148481803746135,
    2.1458763735634934
  ],
  "valid_errs": [
    2.4591783779696934,
    2.351868406363362,
    2.3064565867905187,
    2.2595285179847533,
    2.2185922618493947,
    2.2208099949879494,
    2.1887968320688063,
    2.183968686653776,
    2.156504336177985,
    2.151416258813446,
    2.1477734590257063,
    2.1546109642269244,
    2.128278105264175,
    2.139536141377327,
    2.140836069448572,
    2.1421730681323976,
    2.12715664878838,
    2.130051673935214,
    2.112816055952176,
    2.1416077640745175,
    2.139436125942217,
    2.1143737776819984,
    2.1264519129251007,
    2.1128154358694866,
    2.1190280817862623,
    2.139368237130281,
    2.1189580756169795,
    2.1131734889142004
  ]
}