{
  "times": [
    4,
    8,
    13,
    17,
    21,
    25,
    30,
    34,
    38,
    42,
    47,
    51,
    55,
    59
  ],
  "epochs": [
    1,
    1,
    2,
    2,
    2,
    3,
    3,
    3,
    4,
    4,
    4,
    5,
    5,
    5
  ],
  "batches": [
    160,
    320,
    480,
    640,
    800,
    960,
    1120,
    1280,
    1440,
    1600,
    1760,
    1920,
    2080,
    2240
  ],
  "train_errs": [
    7.04461362361908,
    4.060339106619358,
    4.443522553145885,
    4.4847078084945675,
    3.977133347094059,
    4.0417101457715034,
    4.1016291543841366,
    4.109754656255245,
    4.811118711531162,
    5.195822498202324,
    4.202850204706192,
    4.3180266559124,
    4.27406674027443,
    4.282865871489048
  ],
  "train_errs_ra": [
    7.04461362361908,
    5.552476365119219,
    5.182825094461441,
    5.008295772969722,
    4.80206328779459,
    4.675337764124076,
    4.593379391304085,
    4.53292629942298,
    4.5638365674350005,
    4.627035160511733,
    4.588472891802138,
    4.565935705477993,
    4.54348424661618,
    4.524868648392814
  ],
  "valid_errs": [
    5.080655888503306,
    4.130540055516896,
    4.0031090877989906,
    5.805635228729726,
    4.008927719613234,
    3.5028067583871807,
    3.8945732820964825,
    3.8892722560455524,
    7.238325191239422,
    4.224443515067042,
    4.405843943628483,
    4.621043238306389,
    4.073292509146565,
    4.4998543463593625
  ]
}