{
  "times": [
    7,
    15,
    23,
    31,
    39,
    47,
    55,
    63,
    71,
    79,
    86,
    94,
    102,
    109
  ],
  "epochs": [
    1,
    1,
    2,
    2,
    2,
    3,
    3,
    3,
    4,
    4,
    4,
    5,
    5,
    5
  ],
  "batches": [
    320,
    640,
    960,
    1280,
    1600,
    1920,
    2240,
    2560,
    2880,
    3200,
    3520,
    3840,
    4160,
    4480
  ],
  "train_errs": [
    16.315724216401577,
    7.875599078834057,
    7.244245819747448,
    7.536897130310535,
    6.439962136745453,
    7.090134498476982,
    6.135490860044956,
    5.409721058607102,
    9.46612552702427,
    6.665031653642655,
    6.51201938688755,
    6.673327940702438,
    6.3339133858680725,
    5.722722996771336
  ],
  "train_errs_ra": [
    16.315724216401577,
    12.095661647617817,
    10.478523038327694,
    9.743116561323404,
    9.082485676407815,
    8.750427146752676,
    8.376864820080144,
    8.005971849896014,
    8.168211147354707,
    8.017893197983502,
    7.880995578792961,
    7.780356608952084,
    7.669091745637929,
    7.530065406433172
  ],
  "valid_errs": [
    7.749478196155767,
    6.507629304068258,
    9.215781477709555,
    7.460967819157646,
    9.579098627910453,
    6.934123871953706,
    5.275552633302867,
    5.594345371638693,
    8.304178484482764,
    6.65240240126951,
    7.321286968393885,
    6.584978736878638,
    5.907773338167149,
    5.997053918961112
  ]
}