{
  "times": [
    7,
    15,
    23,
    31,
    38,
    46,
    53,
    60,
    68,
    76,
    83,
    91,
    98,
    106
  ],
  "epochs": [
    1,
    1,
    2,
    2,
    2,
    3,
    3,
    3,
    4,
    4,
    4,
    5,
    5,
    5
  ],
  "batches": [
    320,
    640,
    960,
    1280,
    1600,
    1920,
    2240,
    2560,
    2880,
    3200,
    3520,
    3840,
    4160,
    4480
  ],
  "train_errs": [
    4.308545880764723,
    3.350888991355896,
    3.0935995183885097,
    2.92886720597744,
    2.80272950977087,
    2.709613936394453,
    2.570303113758564,
    2.3434541188180447,
    2.2779817640781403,
    2.21470552906394,
    2.1748437467962503,
    2.1637392666190864,
    2.137374774739146,
    2.1308051023632286
  ],
  "train_errs_ra": [
    4.308545880764723,
    3.8297174360603092,
    3.5843447968363757,
    3.4204753991216417,
    3.2969262212514874,
    3.199040840441982,
    3.1092211652014936,
    3.0135002844035625,
    2.9317760043674044,
    2.860068956837058,
    2.797775755924257,
    2.7449393818154926,
    2.6982036428096197,
    2.6576751756348775
  ],
  "valid_errs": [
    3.1606060342378997,
    3.2038612163863087,
    2.9843641461605337,
    2.863355906415636,
    2.7969017605229807,
    2.614177285709064,
    2.4331489383856604,
    2.3090922299430225,
    2.2778094451828936,
    2.2189258440567357,
    2.1718827216518304,
    2.1815469577492648,
    2.162832630357237,
    2.2025259012860468
  ]
}