{
  "times": [
    7,
    15,
    23,
    31,
    39,
    47,
    55,
    62,
    70,
    78,
    86,
    94,
    102,
    109
  ],
  "epochs": [
    1,
    1,
    2,
    2,
    2,
    3,
    3,
    3,
    4,
    4,
    4,
    5,
    5,
    5
  ],
  "batches": [
    320,
    640,
    960,
    1280,
    1600,
    1920,
    2240,
    2560,
    2880,
    3200,
    3520,
    3840,
    4160,
    4480
  ],
  "train_errs": [
    2.5176403798162936,
    2.2712413266301157,
    2.2471861306577923,
    2.2167647298425437,
    2.1865485846996306,
    2.1856269370764494,
    2.170104658231139,
    2.152795518562198,
    2.1644074909389017,
    2.156757042184472,
    2.1468547362834216,
    2.148315500840545,
    2.1444674570113422,
    2.1426697082817556
  ],
  "train_errs_ra": [
    2.5176403798162936,
    2.3944408532232044,
    2.3453559457014004,
    2.3132081417366863,
    2.2878762303292755,
    2.2708346814538043,
    2.2564446781362806,
    2.2434885331895202,
    2.234701750717229,
    2.2269072798639535,
    2.219629775902087,
    2.213686919646958,
    2.208362345598065,
    2.203670014361186
  ],
  "valid_errs": [
    2.3334699746171075,
    2.2787609924227885,
    2.2564165459115815,
    2.2377355132367627,
    2.211615928926226,
    2.212313445618475,
    2.1959767940463824,
    2.204577685822959,
    2.188527454138176,
    2.1804768490395077,
    2.178012571352782,
    2.2013539467234713,
    2.1696234065636304,
    2.163995758871854
  ]
}