{
  "times": [
    2,
    5,
    7,
    10,
    12,
    15,
    17,
    20,
    22,
    25,
    27,
    30,
    33,
    35,
    38,
    40,
    43,
    46,
    48,
    51,
    53,
    56,
    59,
    61,
    64,
    66,
    69,
    71
  ],
  "epochs": [
    1,
    1,
    2,
    2,
    2,
    3,
    3,
    3,
    4,
    4,
    4,
    5,
    5,
    5,
    6,
    6,
    7,
    7,
    7,
    8,
    8,
    8,
    9,
    9,
    9,
    10,
    10,
    10
  ],
  "batches": [
    80,
    160,
    240,
    320,
    400,
    480,
    560,
    640,
    720,
    800,
    880,
    960,
    1040,
    1120,
    1200,
    1280,
    1360,
    1440,
    1520,
    1600,
    1680,
    1760,
    1840,
    1920,
    2000,
    2080,
    2160,
    2240
  ],
  "train_errs": [
    5.992260980606079,
    3.322301524877548,
    3.290004613995552,
    3.29673108458519,
    3.501415491104126,
    3.350925624370575,
    3.367671048641205,
    3.3180854111909865,
    3.3587672770023347,
    3.349999633431435,
    3.3186681479215623,
    3.367771953344345,
    3.361216077208519,
    3.3182296067476273,
    3.3806520223617555,
    3.372962072491646,
    3.407860592007637,
    3.4184280902147295,
    3.3661383777856826,
    3.372616323828697,
    3.3786798506975173,
    3.3456365287303926,
    3.3812047243118286,
    3.377051502466202,
    3.3432760357856752,
    3.3908035159111023,
    3.3725862950086594,
    3.411741355061531
  ],
  "train_errs_ra": [
    5.992260980606079,
    4.6572812527418135,
    4.201522373159726,
    3.975324551016092,
    3.8805427390336993,
    3.7922732199231786,
    3.7316157668828964,
    3.6799244724214075,
    3.644240339597066,
    3.614816268980503,
    3.587893712520599,
    3.5695502325892448,
    3.553524528329189,
    3.536717748216221,
    3.52631336649259,
    3.5167289106175312,
    3.5103248918757726,
    3.5052195140057143,
    3.49789945420466,
    3.4916352976858613,
    3.4862564668768923,
    3.479864651506597,
    3.475575089454651,
    3.471469939996799,
    3.4663421838283535,
    3.463436850446921,
    3.4600720150603186,
    3.458345920060362
  ],
  "valid_errs": [
    3.312808213094889,
    3.2716018304289527,
    3.3554291347606537,
    3.2554630756228646,
    3.3706462263649777,
    3.3578968290327187,
    3.2061457129323245,
    3.242590066070054,
    3.5126454609619406,
    3.172798777942412,
    3.4226243486222,
    3.2787465457072935,
    3.4778171877533564,
    3.40251492160583,
    3.298782744202804,
    3.2687652588787777,
    3.271308302542901,
    3.343249616296959,
    3.3800557895527623,
    3.390954657384466,
    3.2211472272648636,
    3.254983246905858,
    3.3030616454324515,
    3.5562474039812826,
    3.6420848941533834,
    3.5160194098968125,
    3.3272613753118123,
    3.371031118209327
  ]
}