{
  "times": [
    2,
    4,
    7,
    9,
    12,
    14,
    17,
    19,
    22,
    24,
    27,
    29,
    32,
    34,
    36,
    39,
    42,
    44,
    47,
    49,
    52,
    54,
    57,
    60,
    62,
    65,
    67,
    70
  ],
  "epochs": [
    1,
    1,
    2,
    2,
    2,
    3,
    3,
    3,
    4,
    4,
    4,
    5,
    5,
    5,
    6,
    6,
    7,
    7,
    7,
    8,
    8,
    8,
    9,
    9,
    9,
    10,
    10,
    10
  ],
  "batches": [
    80,
    160,
    240,
    320,
    400,
    480,
    560,
    640,
    720,
    800,
    880,
    960,
    1040,
    1120,
    1200,
    1280,
    1360,
    1440,
    1520,
    1600,
    1680,
    1760,
    1840,
    1920,
    2000,
    2080,
    2160,
    2240
  ],
  "train_errs": [
    7.867319929599762,
    3.2290049642324448,
    3.2334463745355606,
    3.235997587442398,
    3.185659995675087,
    3.2291778564453124,
    3.2269928574562075,
    3.1717313915491103,
    3.230027049779892,
    3.1978006809949875,
    3.1686010509729385,
    3.2167578667402266,
    3.176949581503868,
    3.167411583662033,
    3.195764485001564,
    3.1603775143623354,
    3.1835402697324753,
    3.1728588163852693,
    3.138145151734352,
    3.185278594493866,
    3.1729425311088564,
    3.125944197177887,
    3.1712593019008635,
    3.156830707192421,
    3.120376917719841,
    3.1655921161174776,
    3.1307923972606657,
    3.126872828602791
  ],
  "train_errs_ra": [
    7.867319929599762,
    5.548162446916104,
    4.776590422789256,
    4.3914422139525415,
    4.150285770297051,
    3.996767784655095,
    3.8867999379123965,
    3.7974163696169856,
    3.7343731118573085,
    3.680715868771076,
    3.6341599762439727,
    3.59937646711866,
    3.5668820913021375,
    3.5383484836135586,
    3.515509550372759,
    3.4933137981221076,
    3.4750918258638936,
    3.458301103115081,
    3.441450789884516,
    3.428642180114984,
    3.416466006352787,
    3.40326046957211,
    3.393173462282056,
    3.3833258474866548,
    3.3728078902959817,
    3.3648380528275776,
    3.356169695213988,
    3.3479805214064453
  ],
  "valid_errs": [
    3.2168008568668935,
    3.2557188391722867,
    3.192142251368487,
    3.179462961509109,
    3.133283952965412,
    3.2371538803845823,
    3.18995442484643,
    3.1982936865111884,
    3.2225726853720857,
    3.201703829988113,
    3.1709815622983437,
    3.145597110089182,
    3.2510277983461213,
    3.0743107729176438,
    3.215455021219741,
    3.1904830639546997,
    3.213143196327255,
    3.13075660627514,
    3.2207090797077416,
    3.1382163860611723,
    3.043735110673758,
    3.2242941090813173,
    3.077673679236971,
    3.156324118347742,
    3.2655010955316515,
    3.1318284601730104,
    3.082126850467298,
    3.0407913789811944
  ]
}