{
  "times": [
    4,
    12,
    21,
    25,
    34,
    42,
    46,
    55,
    63,
    68,
    76,
    84,
    88,
    96,
    105,
    114,
    118,
    127,
    135,
    139,
    148,
    156,
    161,
    169,
    178,
    185,
    193,
    201,
    206
  ],
  "epochs": [
    1,
    2,
    3,
    3,
    4,
    5,
    5,
    6,
    7,
    7,
    8,
    9,
    9,
    10,
    11,
    12,
    12,
    13,
    14,
    14,
    15,
    16,
    16,
    17,
    18,
    18,
    19,
    20,
    20
  ],
  "batches": [
    20,
    40,
    60,
    80,
    100,
    120,
    140,
    160,
    180,
    200,
    220,
    240,
    260,
    280,
    300,
    320,
    340,
    360,
    380,
    400,
    420,
    440,
    460,
    480,
    500,
    520,
    540,
    560,
    580
  ],
  "train_errs": [
    11.042984187302551,
    4.5308825070240655,
    4.381085858898272,
    4.17548900974341,
    3.946973477362331,
    3.7394661245338305,
    3.6375220495719596,
    3.5305824633435363,
    3.473602306545166,
    3.3847251982236086,
    3.305800691510953,
    3.2534555875411906,
    3.179242906712488,
    3.123132500576061,
    3.0688292537383712,
    2.990691378472496,
    2.9369175286306906,
    2.8696907056878427,
    2.8178610939166453,
    2.7472558695776454,
    2.697727832829884,
    2.624421663954746,
    2.5538197158852456,
    2.5093342878529747,
    2.451767876594343,
    2.385481136618508,
    2.3311377490301064,
    2.27529646134575,
    2.223727403290609
  ],
  "train_errs_ra": [
    11.042984187302551,
    7.786933347163308,
    6.651650851074963,
    6.032610390742075,
    5.615483008066127,
    5.3028135274774115,
    5.06491474491949,
    4.873123209722495,
    4.717620887147237,
    4.584331318254874,
    4.468101261278154,
    4.366880788466739,
    4.275524028331796,
    4.193210347777815,
    4.118251608175186,
    4.047779093818767,
    3.9824342958665273,
    3.9206152075232668,
    3.862575517333444,
    3.806809534945654,
    3.7539961205591887,
    3.7026518270771684,
    3.6527026048514326,
    3.6050622583098306,
    3.558930483041211,
    3.5137978158711074,
    3.4699955911732925,
    3.427327765108023,
    3.385824304355699
  ],
  "valid_errs": [
    4.6387598413568245,
    4.439996915304642,
    4.376969430792803,
    4.031995403846878,
    3.961435481760489,
    3.7363752034881568,
    3.585025359354886,
    3.649491793422525,
    3.4537057321699236,
    3.338560083144495,
    3.3084717907500565,
    3.2308741941659216,
    3.270306396956992,
    3.1587083231092783,
    3.0752522925721446,
    3.0421439811613173,
    2.9340278258897414,
    2.9191505119240926,
    2.863622769138003,
    2.840789750874653,
    2.751089559661204,
    2.748024887067188,
    2.670978369060466,
    2.6225065657718694,
    2.609294665517252,
    2.6028621139450103,
    2.550154862796027,
    2.5092741523340183,
    2.5616017624323897
  ]
}