{
  "times": [
    4,
    8,
    13,
    18,
    22,
    27,
    31,
    35,
    40,
    45,
    49,
    54,
    58,
    63
  ],
  "epochs": [
    1,
    1,
    2,
    2,
    2,
    3,
    3,
    3,
    4,
    4,
    4,
    5,
    5,
    5
  ],
  "batches": [
    160,
    320,
    480,
    640,
    800,
    960,
    1120,
    1280,
    1440,
    1600,
    1760,
    1920,
    2080,
    2240
  ],
  "train_errs": [
    35.82222888767719,
    9.221092203259468,
    8.338018611073494,
    8.603800067305565,
    8.097327369451524,
    7.989754909276963,
    7.890514361858368,
    7.970416796207428,
    7.712155416607857,
    8.030917528271676,
    7.619041910767555,
    7.594494941830635,
    7.718800207972526,
    7.710042706131935
  ],
  "train_errs_ra": [
    35.82222888767719,
    22.52166054546833,
    17.79377990067005,
    15.496284942328929,
    14.01649342775345,
    13.012037008007368,
    12.280390915700368,
    11.74164415076375,
    11.293923180301984,
    10.967622615098954,
    10.663206187432463,
    10.407480250298978,
    10.200658708581559,
    10.022757565549444
  ],
  "valid_errs": [
    9.290398738869458,
    7.500693030998826,
    10.040016217379781,
    9.707159891663842,
    8.765610649429469,
    7.493294835202781,
    9.098592042399634,
    8.049370063214738,
    6.649272203669723,
    8.247176947583222,
    7.199557267449499,
    7.331677802717771,
    8.60105797369004,
    9.10708482604148
  ]
}