{
  "times": [
    7,
    15,
    23,
    31,
    38,
    47,
    54,
    62,
    70,
    78,
    86,
    94,
    102,
    110
  ],
  "epochs": [
    1,
    1,
    2,
    2,
    2,
    3,
    3,
    3,
    4,
    4,
    4,
    5,
    5,
    5
  ],
  "batches": [
    320,
    640,
    960,
    1280,
    1600,
    1920,
    2240,
    2560,
    2880,
    3200,
    3520,
    3840,
    4160,
    4480
  ],
  "train_errs": [
    10.15013396665454,
    3.611560758203268,
    3.3621426463127135,
    3.0292734146118163,
    2.711898320168257,
    2.633266121149063,
    2.6004177540540696,
    2.534957701712847,
    2.533160348981619,
    2.5031504333019257,
    2.433080209046602,
    2.434316881746054,
    2.4044707022607326,
    2.394987466186285
  ],
  "train_errs_ra": [
    10.15013396665454,
    6.880847362428904,
    5.707945790390173,
    5.038277696445584,
    4.573001821190119,
    4.249712537849943,
    4.014098997307675,
    3.8292063353583217,
    3.68520122576091,
    3.5669961465150117,
    3.463912879472429,
    3.378113212995231,
    3.3032176352464235,
    3.238344051742128
  ],
  "valid_errs": [
    3.5236361965037095,
    3.22474724358995,
    3.139685291599502,
    2.7692829757396162,
    2.6915958627483696,
    2.639430310816629,
    2.6493763898973293,
    2.5921401940157662,
    2.4174730832317324,
    2.415821245151016,
    2.4502477686993567,
    2.393816348563619,
    2.261059895470883,
    2.306516176632259
  ]
}