{
  "times": [
    780,
    1602,
    2662,
    3481,
    4531,
    5354,
    6156,
    7176,
    7993,
    9029,
    9846,
    10674
  ],
  "epochs": [
    1,
    1,
    2,
    2,
    3,
    3,
    3,
    4,
    4,
    5,
    5,
    5
  ],
  "batches": [
    500,
    1000,
    1500,
    2000,
    2500,
    3000,
    3500,
    4000,
    4500,
    5000,
    5500,
    6000
  ],
  "train_errs": [
    5.638660812048956,
    2.7761234271937623,
    2.2424396928782597,
    2.0296383487650527,
    1.8931703278759693,
    1.8588718928238428,
    1.770626815240761,
    1.7762926337045633,
    1.7222451770074656,
    1.7018623088311937,
    1.7090117260016378,
    1.6556686847890425
  ],
  "valid_errs": [
    3.5007544459119635,
    2.466018151805741,
    2.1496537558166033,
    2.0149434309839735,
    1.9497482236173291,
    1.8725133552985949,
    1.8368101929554959,
    1.8802674493668945,
    1.8430882785994689,
    1.9086939638382336,
    1.747428391226023,
    1.8437282707588185
  ],
  "batches_per_epoch": 1200
}