{
  "times": [
    780,
    1602,
    2662,
    3481,
    4531,
    5354,
    6156,
    7176,
    7993,
    9029,
    9846,
    10674,
    11708,
    12495,
    13522,
    14311,
    15337,
    16127,
    16916,
    17937,
    18720,
    19759,
    20534,
    21297
  ],
  "epochs": [
    1,
    1,
    2,
    2,
    3,
    3,
    3,
    4,
    4,
    5,
    5,
    5,
    6,
    6,
    7,
    7,
    8,
    8,
    8,
    9,
    9,
    10,
    10,
    10
  ],
  "batches": [
    500,
    1000,
    1500,
    2000,
    2500,
    3000,
    3500,
    4000,
    4500,
    5000,
    5500,
    6000,
    6500,
    7000,
    7500,
    8000,
    8500,
    9000,
    9500,
    10000,
    10500,
    11000,
    11500,
    12000
  ],
  "train_errs": [
    5.638660812048956,
    2.7761234271937623,
    2.2424396928782597,
    2.0296383487650527,
    1.8931703278759693,
    1.8588718928238428,
    1.770626815240761,
    1.7762926337045633,
    1.7222451770074656,
    1.7018623088311937,
    1.7090117260016378,
    1.6556686847890425,
    1.7005588746780502,
    1.6333366515831838,
    1.650086324002256,
    1.643479323602301,
    1.6144465336543667,
    1.6481072257362517,
    1.597611502462048,
    1.6317236128860921,
    1.5999941838157008,
    1.5948231993384052,
    1.6158115592663325,
    1.5728600365859047
  ],
  "valid_errs": [
    3.5007544459119635,
    2.466018151805741,
    2.1496537558166033,
    2.0149434309839735,
    1.9497482236173291,
    1.8725133552985949,
    1.8368101929554959,
    1.8802674493668945,
    1.8430882785994689,
    1.9086939638382336,
    1.747428391226023,
    1.8437282707588185,
    1.7527077082630285,
    1.7577817958230195,
    1.7843812741007492,
    1.8248671243394368,
    1.7434873064518244,
    1.7582879588226872,
    1.7640641810332642,
    1.7457452339982986,
    1.7934142793160068,
    1.7534823413401723,
    1.7325822159073903,
    1.7902886752183589
  ],
  "batches_per_epoch": 1200
}