{
  "times": [
    14,
    29,
    45,
    59,
    74,
    90,
    104,
    119,
    134,
    149,
    163,
    179,
    194,
    208
  ],
  "epochs": [
    1,
    1,
    2,
    2,
    2,
    3,
    3,
    3,
    4,
    4,
    4,
    5,
    5,
    5
  ],
  "batches": [
    640,
    1280,
    1920,
    2560,
    3200,
    3840,
    4480,
    5120,
    5760,
    6400,
    7040,
    7680,
    8320,
    8960
  ],
  "train_errs": [
    2.414936864003539,
    2.2665449026972055,
    2.2490705961361526,
    2.2306651890277864,
    2.212396364286542,
    2.216457340307534,
    2.216703383997083,
    2.202665459923446,
    2.2077547259628774,
    2.2068133680149913,
    2.2013414815068244,
    2.2034460829570888,
    2.1978727197274566,
    2.2048116693273188
  ],
  "train_errs_ra": [
    2.414936864003539,
    2.3407408833503722,
    2.310184120945632,
    2.290304387966171,
    2.2747227832302452,
    2.26501187607646,
    2.258110662922263,
    2.251180012547411,
    2.2463549807046848,
    2.2424008194357152,
    2.2386681523512704,
    2.235732979901755,
    2.2328206521960396,
    2.2308200105625597
  ],
  "valid_errs": [
    2.310407653203314,
    2.2526703143276814,
    2.2708282520794203,
    2.2247827228762658,
    2.2162472887747935,
    2.2431019927760807,
    2.258335095283267,
    2.215396581603726,
    2.240074260438935,
    2.2024348975349346,
    2.2451329649186276,
    2.2120219538973656,
    2.230006274925799,
    2.2152119728045316
  ]
}