{
  "times": [
    5,
    13,
    22,
    28,
    37,
    45,
    50,
    58,
    67,
    72,
    80,
    89,
    94,
    103,
    126,
    134,
    140,
    148,
    156,
    162,
    170,
    178,
    183,
    191,
    199,
    204,
    212,
    220,
    225
  ],
  "epochs": [
    1,
    2,
    3,
    3,
    4,
    5,
    5,
    6,
    7,
    7,
    8,
    9,
    9,
    10,
    11,
    12,
    12,
    13,
    14,
    14,
    15,
    16,
    16,
    17,
    18,
    18,
    19,
    20,
    20
  ],
  "batches": [
    20,
    40,
    60,
    80,
    100,
    120,
    140,
    160,
    180,
    200,
    220,
    240,
    260,
    280,
    300,
    320,
    340,
    360,
    380,
    400,
    420,
    440,
    460,
    480,
    500,
    520,
    540,
    560,
    580
  ],
  "train_errs": [
    18.749351126583676,
    15.900479462528125,
    8.238338137088608,
    5.380817293538519,
    5.341775168000851,
    5.299975128673947,
    5.44621629346713,
    5.298139729823939,
    5.3604479779391,
    5.588607678215545,
    5.596688764617755,
    5.591191442372517,
    5.638896007267108,
    5.502363503890842,
    5.513991474493123,
    5.570417210819906,
    5.628141760126006,
    5.584476224985193,
    5.799501008275966,
    5.559018149125923,
    5.54267145613539,
    5.475618860216995,
    5.481303093207195,
    5.559601497079385,
    5.729602581037218,
    5.709808650594523,
    5.325712332375567,
    5.538189863426146,
    5.545002044632026
  ],
  "train_errs_ra": [
    18.749351126583676,
    17.3249152945559,
    14.296056242066802,
    12.067246504934731,
    10.722152237547956,
    9.818456052735621,
    9.193850372840123,
    8.706886542463101,
    8.335060035293766,
    8.060414799585944,
    7.836439705497926,
    7.649335683570809,
    7.494686477701293,
    7.35237769385769,
    7.229818612566719,
    7.126106024957544,
    7.037990479967453,
    6.957239688023994,
    6.896306073300413,
    6.829441677091689,
    6.768166904665198,
    6.7094147208266435,
    6.656018563104059,
    6.610334518686365,
    6.575105241180399,
    6.541824603080943,
    6.496783407869632,
    6.462547924139508,
    6.430908411053044
  ],
  "valid_errs": [
    15.222615443894536,
    11.530862900956754,
    5.51641428566351,
    5.621051360800743,
    5.367121931300878,
    5.472420132771529,
    5.46325699604111,
    5.464678644649175,
    5.554353169838384,
    5.850652775120622,
    6.592913225630172,
    7.653936708159657,
    5.271485319525494,
    5.631709938183527,
    5.598703510503103,
    6.114042259339681,
    6.058671857165668,
    5.914600459142672,
    5.910019322378955,
    5.25044702289853,
    5.664471281795889,
    6.082914394002024,
    5.434793488842838,
    6.2428047282077985,
    5.996952819142371,
    5.81934786407935,
    5.519373250137752,
    6.99026345071252,
    5.20689330274467
  ]
}