{
  "cwd": "/afs/inf.ed.ac.uk/user/s14/s1449692/studies/fyp/project/char-rnn-experiments",
  "0": {
    "train_loss": 4.463693364731164,
    "valid_loss": 4.459608675041292
  },
  "best": {
    "valid_loss": 1.9564998688474975,
    "index": 10,
    "hyperparams": {
      "adapt": true,
      "delta": 0.01,
      "n": 6
    }
  },
  "1": {
    "train_loss": 4.46369003148897,
    "valid_loss": 4.459846177598842
  },
  "2": {
    "train_loss": 3.549006436835294,
    "valid_loss": 3.552235099820606
  },
  "3": {
    "train_loss": 3.5488969648112407,
    "valid_loss": 3.5537383629925485
  },
  "4": {
    "train_loss": 2.841126478891603,
    "valid_loss": 2.857901579547792
  },
  "5": {
    "train_loss": 2.8401953544681575,
    "valid_loss": 2.865126434817241
  },
  "6": {
    "train_loss": 2.2960503226921185,
    "valid_loss": 2.3387352589495367
  },
  "7": {
    "train_loss": 2.2921965352409055,
    "valid_loss": 2.363974051410577
  },
  "8": {
    "train_loss": 1.940844903296497,
    "valid_loss": 2.041409834918798
  },
  "9": {
    "train_loss": 1.9307641845574484,
    "valid_loss": 2.0896926737345014
  },
  "10": {
    "train_loss": 1.7220479861666744,
    "valid_loss": 1.9564998688474975
  },
  "11": {
    "train_loss": 1.702584931725058,
    "valid_loss": 2.0220856667681644
  },
  "12": {
    "train_loss": 1.5590580670616514,
    "valid_loss": 2.0330604355168562
  },
  "13": {
    "train_loss": 1.530317480494798,
    "valid_loss": 2.1139355464207576
  },
  "14": {
    "train_loss": 1.4151793837290834,
    "valid_loss": 2.2344470318760408
  },
  "15": {
    "train_loss": 1.3802616771810878,
    "valid_loss": 2.3314870190339496
  },
  "16": {
    "train_loss": 1.2829332684609946,
    "valid_loss": 2.528105790072042
  },
  "17": {
    "train_loss": 1.2457103359778934,
    "valid_loss": 2.636931939155426
  },
  "experiment_duration_min": 17.326303470134736
}