{
  "times": [
    2,
    5,
    9,
    11,
    14,
    18,
    20,
    23,
    27,
    29,
    32,
    35,
    38,
    41,
    44,
    47,
    51,
    54,
    57,
    60,
    63,
    66,
    69,
    72,
    75,
    78,
    81,
    84
  ],
  "epochs": [
    1,
    1,
    2,
    2,
    2,
    3,
    3,
    3,
    4,
    4,
    4,
    5,
    5,
    5,
    6,
    6,
    7,
    7,
    7,
    8,
    8,
    8,
    9,
    9,
    9,
    10,
    10,
    10
  ],
  "batches": [
    80,
    160,
    240,
    320,
    400,
    480,
    560,
    640,
    720,
    800,
    880,
    960,
    1040,
    1120,
    1200,
    1280,
    1360,
    1440,
    1520,
    1600,
    1680,
    1760,
    1840,
    1920,
    2000,
    2080,
    2160,
    2240
  ],
  "train_errs": [
    33.39618185758591,
    6.119133293628693,
    5.086507731676102,
    4.826597073674202,
    4.684449362754822,
    4.701224458217621,
    4.828185278177261,
    4.562197199463844,
    4.483192321658135,
    4.262498754262924,
    4.248622879385948,
    4.358925205469132,
    4.325808224081993,
    4.088077488541603,
    4.085107734799385,
    4.030316025018692,
    3.947910964488983,
    3.928676664829254,
    3.870863011479378,
    3.9462405323982237,
    3.788303381204605,
    4.098126605153084,
    3.9350941687822343,
    3.8935929030179977,
    3.8601683378219604,
    3.7638137221336363,
    3.7441359639167784,
    3.7279887169599535
  ],
  "train_errs_ra": [
    33.39618185758591,
    19.7576575756073,
    14.8672742942969,
    12.357104989141225,
    10.822573863863944,
    9.802348962922892,
    9.091754150816373,
    8.525559531897306,
    8.076407619648508,
    7.69501673310995,
    7.381708200953223,
    7.129809617996215,
    6.914117203079736,
    6.712257223469869,
    6.537113924225171,
    6.380439055524766,
    6.237349167816778,
    6.109089584317471,
    5.991288185747045,
    5.8890358030796035,
    5.78900092584746,
    5.712143002179534,
    5.63488000942313,
    5.562326379989583,
    5.494240058302878,
    5.427685199219446,
    5.365331523837865,
    5.306854995020797
  ],
  "valid_errs": [
    7.25601488835911,
    6.1608503599756,
    5.451198783179517,
    5.425103454464242,
    5.083132538686318,
    4.3906720053181445,
    4.401391777584044,
    4.689069712038659,
    4.389424820909234,
    4.312726226410697,
    4.3425640014691504,
    4.309379776655301,
    4.033176704722536,
    4.2458517291995195,
    4.1451614072757215,
    3.7731384911033268,
    3.96752005335155,
    3.656511985907999,
    4.253399679525477,
    3.7110552405742836,
    4.871587668963457,
    3.7417273744216493,
    3.628062082406083,
    3.873101665518358,
    3.9614852943851044,
    4.085145716010758,
    3.4871993644292094,
    3.944693246879111
  ]
}