{
  "times": [
    5,
    15,
    26,
    31,
    39,
    47,
    52,
    60,
    68,
    72,
    80,
    88,
    92,
    101,
    108,
    116,
    121,
    128,
    136,
    141,
    148,
    156,
    161,
    168,
    176,
    181,
    189,
    197,
    202
  ],
  "epochs": [
    1,
    2,
    3,
    3,
    4,
    5,
    5,
    6,
    7,
    7,
    8,
    9,
    9,
    10,
    11,
    12,
    12,
    13,
    14,
    14,
    15,
    16,
    16,
    17,
    18,
    18,
    19,
    20,
    20
  ],
  "batches": [
    20,
    40,
    60,
    80,
    100,
    120,
    140,
    160,
    180,
    200,
    220,
    240,
    260,
    280,
    300,
    320,
    340,
    360,
    380,
    400,
    420,
    440,
    460,
    480,
    500,
    520,
    540,
    560,
    580
  ],
  "train_errs": [
    48.03072283747399,
    27.41707912200339,
    6.73138475400462,
    5.58502801412222,
    5.400498403362245,
    5.546457258634037,
    5.445442061969476,
    5.77982189345099,
    5.550631329165273,
    5.80427244334671,
    5.780482066054591,
    5.942090448245113,
    5.939318947826461,
    5.914179985775867,
    5.8878553237354305,
    5.920007084754136,
    5.877251217448532,
    5.849184181973939,
    5.808810239986254,
    5.973120779190603,
    5.953308824966101,
    5.889367292012226,
    5.940762484206476,
    5.840027963228125,
    5.917683839916689,
    5.964740683751602,
    6.015656629090959,
    5.894559981387992,
    5.9377727722004074
  ],
  "train_errs_ra": [
    48.03072283747399,
    37.72390097973869,
    27.39306223782733,
    21.94105368190105,
    18.63294262619329,
    16.451861731600083,
    14.879516064509994,
    13.742054293127618,
    12.831896186020689,
    12.129133811753292,
    11.551983653053409,
    11.084492552652717,
    10.688709967666082,
    10.347672111816781,
    10.050350992611357,
    9.79220449837028,
    9.561913128904294,
    9.355650409630384,
    9.16897461122806,
    9.009181919626187,
    8.8636641532138,
    8.728468841341002,
    8.607264217117761,
    8.491962706539026,
    8.388991551874131,
    8.29575113386942,
    8.211303189247994,
    8.128562360395852,
    8.053017891837388
  ],
  "valid_errs": [
    52.95622185669472,
    9.082200958886792,
    6.09559617485812,
    5.334678115767537,
    6.156952565593472,
    5.724125392890977,
    6.498193887772386,
    5.573503064600896,
    5.733315547022642,
    6.269143553755678,
    5.937007879290587,
    5.966633008654111,
    6.352444103239778,
    6.427857293867832,
    5.72690994592456,
    5.893660089728332,
    6.155746350360012,
    5.865350383341178,
    5.72141641838564,
    5.8896324454471545,
    6.132031865948497,
    6.195354557359259,
    6.170847611623466,
    5.91665530936522,
    6.035393501773395,
    5.8254459330169865,
    6.220117474328253,
    5.787557094768844,
    5.981492370521656
  ]
}