{
  "times": [
    14,
    29,
    45,
    59,
    74,
    90,
    104,
    119,
    134,
    149,
    163,
    178,
    192,
    207
  ],
  "epochs": [
    1,
    1,
    2,
    2,
    2,
    3,
    3,
    3,
    4,
    4,
    4,
    5,
    5,
    5
  ],
  "batches": [
    640,
    1280,
    1920,
    2560,
    3200,
    3840,
    4480,
    5120,
    5760,
    6400,
    7040,
    7680,
    8320,
    8960
  ],
  "train_errs": [
    6.746984751522541,
    2.5197761602699758,
    2.2492766857147215,
    2.182808311469853,
    2.152820473909378,
    2.1459082189947365,
    2.1452612195163967,
    2.141161163896322,
    2.1503977617248893,
    2.158249565027654,
    2.1646300418302418,
    2.1504366917535664,
    2.157559589855373,
    2.1834945794194938
  ],
  "train_errs_ra": [
    6.746984751522541,
    4.633380455896258,
    3.838679199169079,
    3.424711477244273,
    3.1703332765772942,
    2.9995957669802014,
    2.8775479744853723,
    2.7854996231617406,
    2.714932749668757,
    2.659264431204647,
    2.6142976685342467,
    2.5756425871358566,
    2.5434823565758196,
    2.517768943921796
  ],
  "valid_errs": [
    3.07091049656071,
    2.451092313247327,
    2.252446329231059,
    2.4074939477028763,
    2.165301329665664,
    2.2726746842045515,
    2.1662763591543865,
    2.8664810348730843,
    5.891074361529011,
    2.5036857549057894,
    3.175792137482728,
    2.2489656259662945,
    2.319312528070143,
    2.424238127352265
  ]
}