{
  "times": [
    197,
    395,
    593,
    792,
    991,
    1189,
    1388,
    1586,
    1785,
    1983,
    2181,
    2380,
    2578,
    2776,
    2975,
    3173,
    3371,
    3569,
    4101,
    4454,
    4803,
    5155,
    5504,
    5857,
    6210,
    6561,
    6916,
    7265,
    7621,
    7970,
    8330,
    8689,
    9044,
    9404,
    9759,
    10032,
    10542,
    10901,
    11255,
    11614,
    11965,
    12320,
    12676,
    13031,
    13391,
    13746,
    14101,
    14455,
    14816,
    15176,
    15531,
    15890,
    16246,
    16520
  ],
  "epochs": [
    1,
    1,
    1,
    1,
    1,
    1,
    1,
    1,
    1,
    1,
    1,
    1,
    1,
    1,
    1,
    1,
    1,
    1,
    2,
    2,
    2,
    2,
    2,
    2,
    2,
    2,
    2,
    2,
    2,
    2,
    2,
    2,
    2,
    2,
    2,
    2,
    3,
    3,
    3,
    3,
    3,
    3,
    3,
    3,
    3,
    3,
    3,
    3,
    3,
    3,
    3,
    3,
    3,
    3
  ],
  "batches": [
    500,
    1000,
    1500,
    2000,
    2500,
    3000,
    3500,
    4000,
    4500,
    5000,
    5500,
    6000,
    6500,
    7000,
    7500,
    8000,
    8500,
    9000,
    9500,
    10000,
    10500,
    11000,
    11500,
    12000,
    12500,
    13000,
    13500,
    14000,
    14500,
    15000,
    15500,
    16000,
    16500,
    17000,
    17500,
    18000,
    18500,
    19000,
    19500,
    20000,
    20500,
    21000,
    21500,
    22000,
    22500,
    23000,
    23500,
    24000,
    24500,
    25000,
    25500,
    26000,
    26500,
    27000
  ],
  "train_errs": [
    2.6470889372825623,
    2.4523569192886354,
    2.4063005247116087,
    2.3581769700050352,
    2.317421030521393,
    2.2857334938049316,
    2.1305894603729247,
    1.8799911289215088,
    1.6459387753009795,
    1.499107978105545,
    1.4063287494182586,
    1.3351381146907806,
    1.299476879119873,
    1.2856833574771882,
    1.2526661705970765,
    1.2335937602519988,
    1.2627801928520204,
    1.2820401651859283,
    1.2699947512149812,
    1.2612860045433045,
    1.2630067343711853,
    1.2538839268684387,
    1.2443628904819488,
    1.2564669885635376,
    1.2494569182395936,
    1.2500516014099121,
    1.2465473291873932,
    1.2389990403652191,
    1.2517777194976807,
    1.2487711760997773,
    1.239468731880188,
    1.2304696922302245,
    1.1976979548931121,
    1.2223966479301454,
    1.238109925508499,
    1.2536021614074706,
    1.233434592962265,
    1.2292358937263488,
    1.2345156116485596,
    1.2274488785266877,
    1.2200752894878388,
    1.2334593648910523,
    1.2280582766532897,
    1.2291335742473601,
    1.2269279115200042,
    1.2208397059440612,
    1.234359923362732,
    1.2327979819774628,
    1.2247861649990082,
    1.2163846378326415,
    1.1837553770542144,
    1.2092110624313355,
    1.2259014179706573,
    1.2422311744689942
  ],
  "train_errs_ra": [
    2.6470889372825623,
    2.5497229282855987,
    2.5019154604276017,
    2.46598083782196,
    2.4362688763618467,
    2.4111796459356944,
    2.3710953337124416,
    2.309707308113575,
    2.2359552489121755,
    2.1622705218315126,
    2.0935485425212166,
    2.030347673535347,
    1.974126843195695,
    1.924952308501516,
    1.8801332326412203,
    1.839724515616894,
    1.8057866142777836,
    1.776689589328236,
    1.750021439953854,
    1.7255846681833265,
    1.7035571475256053,
    1.6831174556775523,
    1.6640411702342652,
    1.6470589126646515,
    1.6311548328876493,
    1.6164970162923518,
    1.6027951760292052,
    1.5898024568983484,
    1.5781464314707392,
    1.567167256291707,
    1.5565963361494,
    1.5464048785269258,
    1.535838002053174,
    1.5266191386966144,
    1.518376018319811,
    1.511021188961135,
    1.503518848528733,
    1.4963008760339334,
    1.4895884333573852,
    1.4830349444866178,
    1.4766212943646961,
    1.4708317246153235,
    1.4651858304766716,
    1.45982100647146,
    1.4546456043614278,
    1.449562867439311,
    1.4449840813951285,
    1.4405635376572603,
    1.4361599178070918,
    1.431764412207603,
    1.4269014899496935,
    1.4227151355743404,
    1.4190016692044596,
    1.4157281415241731
  ],
  "valid_errs": [
    2.494750157356262,
    2.40501807641983,
    2.3743704771995544,
    2.299256525039673,
    2.2699568343162535,
    2.2417926597595215,
    1.9982790241241455,
    1.756432273864746,
    1.6001393423080443,
    1.477355748653412,
    1.412862683057785,
    1.3648241522312163,
    1.3390713164806365,
    1.3291555497646332,
    1.3114782733917236,
    1.2940563220977783,
    1.293935441493988,
    1.3075360600948334,
    1.2635119154453278,
    1.2596090831756592,
    1.255192270755768,
    1.2554372963905334,
    1.2517000725269318,
    1.2566520829200745,
    1.2489041490554809,
    1.2440628266334535,
    1.240950834274292,
    1.2377375829219819,
    1.2368937776088715,
    1.2387161996364593,
    1.2350499382019042,
    1.226076944589615,
    1.2212935829162597,
    1.2241760696172714,
    1.2244598970413207,
    1.2311138279438019,
    1.221900485277176,
    1.2194013174772262,
    1.2185111413002014,
    1.2185567120313645,
    1.220624470114708,
    1.2265719344615937,
    1.2228129308223725,
    1.2153342543840409,
    1.2148527777194977,
    1.2133658561706544,
    1.2128056185245515,
    1.2157078185081482,
    1.2153215084075928,
    1.209187368631363,
    1.2047486765384674,
    1.2085882937908172,
    1.2099720689058304,
    1.2159120817184448
  ]
}