{
  "times": [
    197,
    395,
    593,
    792,
    991,
    1189,
    1388,
    1586,
    1785,
    1983,
    2181,
    2380,
    2578,
    2776,
    2975,
    3173,
    3371,
    3569
  ],
  "epochs": [
    1,
    1,
    1,
    1,
    1,
    1,
    1,
    1,
    1,
    1,
    1,
    1,
    1,
    1,
    1,
    1,
    1,
    1
  ],
  "batches": [
    500,
    1000,
    1500,
    2000,
    2500,
    3000,
    3500,
    4000,
    4500,
    5000,
    5500,
    6000,
    6500,
    7000,
    7500,
    8000,
    8500,
    9000
  ],
  "train_errs": [
    2.6470889372825623,
    2.4523569192886354,
    2.4063005247116087,
    2.3581769700050352,
    2.317421030521393,
    2.2857334938049316,
    2.1305894603729247,
    1.8799911289215088,
    1.6459387753009795,
    1.499107978105545,
    1.4063287494182586,
    1.3351381146907806,
    1.299476879119873,
    1.2856833574771882,
    1.2526661705970765,
    1.2335937602519988,
    1.2627801928520204,
    1.2820401651859283
  ],
  "train_errs_ra": [
    2.6470889372825623,
    2.5497229282855987,
    2.5019154604276017,
    2.46598083782196,
    2.4362688763618467,
    2.4111796459356944,
    2.3710953337124416,
    2.309707308113575,
    2.2359552489121755,
    2.1622705218315126,
    2.0935485425212166,
    2.030347673535347,
    1.974126843195695,
    1.924952308501516,
    1.8801332326412203,
    1.839724515616894,
    1.8057866142777836,
    1.776689589328236
  ],
  "valid_errs": [
    2.494750157356262,
    2.40501807641983,
    2.3743704771995544,
    2.299256525039673,
    2.2699568343162535,
    2.2417926597595215,
    1.9982790241241455,
    1.756432273864746,
    1.6001393423080443,
    1.477355748653412,
    1.412862683057785,
    1.3648241522312163,
    1.3390713164806365,
    1.3291555497646332,
    1.3114782733917236,
    1.2940563220977783,
    1.293935441493988,
    1.3075360600948334
  ]
}