{
  "cwd": "/afs/inf.ed.ac.uk/user/s14/s1449692/studies/fyp/project/char-rnn-experiments",
  "0": {
    "train_loss": 4.493438582251409,
    "valid_loss": 4.493389864806636
  },
  "best": {
    "valid_loss": 2.051400448516692,
    "index": 10,
    "hyperparams": {
      "adapt": true,
      "delta": 0.01,
      "n": 6
    }
  },
  "1": {
    "train_loss": 4.493435249166898,
    "valid_loss": 4.494193445540715
  },
  "2": {
    "train_loss": 3.597496155752571,
    "valid_loss": 3.582404775760067
  },
  "3": {
    "train_loss": 3.5973762295763603,
    "valid_loss": 3.585612410395222
  },
  "4": {
    "train_loss": 2.899525213125174,
    "valid_loss": 2.8983085805499442
  },
  "5": {
    "train_loss": 2.898404859571298,
    "valid_loss": 2.9101266104272043
  },
  "6": {
    "train_loss": 2.3280776931432934,
    "valid_loss": 2.3741050948202713
  },
  "7": {
    "train_loss": 2.3235428489582155,
    "valid_loss": 2.4086695533365323
  },
  "8": {
    "train_loss": 1.946551887028488,
    "valid_loss": 2.07996561515334
  },
  "9": {
    "train_loss": 1.9351731275621804,
    "valid_loss": 2.139652857093522
  },
  "10": {
    "train_loss": 1.724901158766096,
    "valid_loss": 2.051400448516692
  },
  "11": {
    "train_loss": 1.7033737640810944,
    "valid_loss": 2.133639384957164
  },
  "12": {
    "train_loss": 1.5665557023514929,
    "valid_loss": 2.2303182425579897
  },
  "13": {
    "train_loss": 1.5347719756146738,
    "valid_loss": 2.3340659027299595
  },
  "14": {
    "train_loss": 1.4285501062574169,
    "valid_loss": 2.5757361977079363
  },
  "15": {
    "train_loss": 1.389525645617435,
    "valid_loss": 2.6996035752165084
  },
  "16": {
    "train_loss": 1.2989717884147756,
    "valid_loss": 3.0397578821059903
  },
  "17": {
    "train_loss": 1.2570091912558647,
    "valid_loss": 3.176567894214099
  },
  "experiment_duration_min": 15.864249408245087
}