{
  "times": [
    4,
    8,
    12,
    17,
    21,
    25,
    29,
    34,
    38,
    42,
    46,
    51,
    55,
    59
  ],
  "epochs": [
    1,
    1,
    2,
    2,
    2,
    3,
    3,
    3,
    4,
    4,
    4,
    5,
    5,
    5
  ],
  "batches": [
    160,
    320,
    480,
    640,
    800,
    960,
    1120,
    1280,
    1440,
    1600,
    1760,
    1920,
    2080,
    2240
  ],
  "train_errs": [
    18.340079802274705,
    6.38824197947979,
    5.945040535926819,
    6.077269813418388,
    5.887095174193382,
    5.949708211421966,
    5.934264343976975,
    5.790764230489731,
    5.732244399189949,
    6.024026253819466,
    5.54008524119854,
    5.44558422267437,
    5.5347452983260155,
    5.200425411760807
  ],
  "train_errs_ra": [
    18.340079802274705,
    12.364160890877248,
    10.224454105893772,
    9.187658032774927,
    8.527545461058619,
    8.09790591945251,
    7.788814265813147,
    7.53905801139772,
    7.338300943374634,
    7.206873474419117,
    7.055347271399064,
    6.921200350672006,
    6.814549962030007,
    6.699255351296493
  ],
  "valid_errs": [
    5.796278274556468,
    6.233656576861779,
    6.722141601404601,
    6.050982220040552,
    6.259896071437908,
    4.841225531827174,
    5.4829934675815375,
    6.3239272151407535,
    5.179880208302232,
    6.847128747286337,
    5.899387368441151,
    5.772494751669165,
    5.4134236373434845,
    5.796707779084975
  ]
}