{
  "times": [
    1464,
    2922,
    4380,
    5845,
    7304,
    8758,
    10215,
    11671,
    13130,
    14588,
    16053,
    17493,
    20153,
    21608,
    23063,
    24517,
    25978,
    27431,
    28886,
    30341,
    31801,
    33256,
    34718,
    36164
  ],
  "epochs": [
    1,
    1,
    1,
    1,
    1,
    1,
    1,
    1,
    1,
    1,
    1,
    1,
    2,
    2,
    2,
    2,
    2,
    2,
    2,
    2,
    2,
    2,
    2,
    2
  ],
  "batches": [
    500,
    1000,
    1500,
    2000,
    2500,
    3000,
    3500,
    4000,
    4500,
    5000,
    5500,
    6000,
    6500,
    7000,
    7500,
    8000,
    8500,
    9000,
    9500,
    10000,
    10500,
    11000,
    11500,
    12000
  ],
  "train_errs": [
    3.7480476305750843,
    1.5597351205633643,
    1.459595620516935,
    1.4061503992519815,
    1.3773380650930738,
    1.354632674062524,
    1.3368040332268147,
    1.3127964965371426,
    1.3160531299169156,
    1.2967560767866053,
    1.3029434534490507,
    1.2949692067971383,
    1.2929670348227462,
    1.2784546195273192,
    1.2836399434020966,
    1.27389325249349,
    1.2707869604996902,
    1.2640844385276864,
    1.2585186284913088,
    1.243364475584609,
    1.253158075793133,
    1.2398517999376757,
    1.2501040247334114,
    1.246565991448487
  ],
  "valid_errs": [
    1.7601911038746443,
    1.5719913981357652,
    1.4956626266904687,
    1.4663930114728154,
    1.4327967879475187,
    1.4150495703200614,
    1.4036754147236206,
    1.3863896183792526,
    1.375194302811921,
    1.3628383442670633,
    1.3513343051369164,
    1.3499109762884192,
    1.3447605901732167,
    1.3426234937676291,
    1.3345986223026094,
    1.3349987576540547,
    1.3264358863629786,
    1.3243071330937584,
    1.3184835399818278,
    1.3160380803170784,
    1.3106360178002996,
    1.3056947722195746,
    1.3008478725374948,
    1.301141148704601
  ],
  "batches_per_epoch": 6000
}