{
  "times": [
    1464,
    2922,
    4380,
    5845,
    7304,
    8758,
    10215,
    11671,
    13130,
    14588,
    16053,
    17493
  ],
  "epochs": [
    1,
    1,
    1,
    1,
    1,
    1,
    1,
    1,
    1,
    1,
    1,
    1
  ],
  "batches": [
    500,
    1000,
    1500,
    2000,
    2500,
    3000,
    3500,
    4000,
    4500,
    5000,
    5500,
    6000
  ],
  "train_errs": [
    3.7480476305750843,
    1.5597351205633643,
    1.459595620516935,
    1.4061503992519815,
    1.3773380650930738,
    1.354632674062524,
    1.3368040332268147,
    1.3127964965371426,
    1.3160531299169156,
    1.2967560767866053,
    1.3029434534490507,
    1.2949692067971383
  ],
  "valid_errs": [
    1.7601911038746443,
    1.5719913981357652,
    1.4956626266904687,
    1.4663930114728154,
    1.4327967879475187,
    1.4150495703200614,
    1.4036754147236206,
    1.3863896183792526,
    1.375194302811921,
    1.3628383442670633,
    1.3513343051369164,
    1.3499109762884192
  ],
  "batches_per_epoch": 6000
}