{
  "times": [
    16,
    32,
    52,
    67,
    86,
    101,
    119,
    137
  ],
  "epochs": [
    3,
    5,
    8,
    10,
    13,
    15,
    18,
    20
  ],
  "batches": [
    20,
    40,
    60,
    80,
    100,
    120,
    140,
    160
  ],
  "train_errs": [
    26.838504856585295,
    5.959929039137087,
    4.728225478807393,
    4.760851499184117,
    4.810646083243318,
    4.778308099410259,
    4.770453995710659,
    4.815191206343791
  ],
  "train_errs_ra": [
    26.838504856585295,
    16.39921694786119,
    12.50888645817659,
    10.571877718428471,
    9.419631391391441,
    8.646077509394578,
    8.092417007439732,
    7.682763782302739
  ],
  "valid_errs": [
    9.497418566514984,
    4.645931763171275,
    4.787794404457876,
    4.702317307152551,
    4.781194398248365,
    4.700406923866767,
    4.8162974331506705,
    4.8145734790584225
  ]
}