{
  "cwd": "/afs/inf.ed.ac.uk/user/s14/s1449692/studies/fyp/project/char-rnn-experiments",
  "0": {
    "train_loss": 1.698807119414003,
    "valid_loss": 1.7340171896099166
  },
  "best": {
    "valid_loss": 1.6810059425960528,
    "index": 2,
    "hyperparams": {
      "adapt": true,
      "delta": 0.01,
      "n": 7
    }
  },
  "1": {
    "train_loss": 1.6906264708998253,
    "valid_loss": 1.759319362657404
  },
  "2": {
    "train_loss": 1.5459983120033598,
    "valid_loss": 1.6810059425960528
  },
  "3": {
    "train_loss": 1.5303876661267835,
    "valid_loss": 1.7181165601360653
  },
  "4": {
    "train_loss": 1.412507117656077,
    "valid_loss": 1.705418660436214
  },
  "5": {
    "train_loss": 1.389285095941903,
    "valid_loss": 1.755057267231483
  },
  "6": {
    "train_loss": 1.2853558450990779,
    "valid_loss": 1.7992679642746008
  },
  "7": {
    "train_loss": 1.2548542444353998,
    "valid_loss": 1.8608696262234397
  },
  "8": {
    "train_loss": 1.1593461109931242,
    "valid_loss": 1.9560636460576102
  },
  "9": {
    "train_loss": 1.1229317034110584,
    "valid_loss": 2.0289878819358336
  },
  "10": {
    "train_loss": 1.036521575684567,
    "valid_loss": 2.16014296670967
  },
  "11": {
    "train_loss": 0.9971375076093125,
    "valid_loss": 2.242106830277605
  },
  "12": {
    "train_loss": 0.9221303651890889,
    "valid_loss": 2.393850101481885
  },
  "13": {
    "train_loss": 0.8824044030664002,
    "valid_loss": 2.4828043363270553
  },
  "14": {
    "train_loss": 0.8169591188608686,
    "valid_loss": 2.6411620142325547
  },
  "15": {
    "train_loss": 0.7787795435937865,
    "valid_loss": 2.7353106206954143
  },
  "16": {
    "train_loss": 0.7234008893445091,
    "valid_loss": 2.8864303133073332
  },
  "17": {
    "train_loss": 0.688501877412688,
    "valid_loss": 2.983604132780221
  },
  "18": {
    "train_loss": 0.644297647707771,
    "valid_loss": 3.119176139191576
  },
  "19": {
    "train_loss": 0.6136756192032439,
    "valid_loss": 3.2173966982315467
  },
  "experiment_duration_min": 1031.209503932794
}