{
  "times": [
    443,
    888,
    1334,
    1777,
    2221,
    2668,
    3113,
    3560,
    4004,
    4448,
    4893,
    5333,
    5766,
    6199,
    6632,
    7068,
    7510,
    7951
  ],
  "epochs": [
    1,
    1,
    1,
    1,
    1,
    1,
    1,
    1,
    1,
    1,
    1,
    1,
    1,
    1,
    1,
    1,
    1,
    1
  ],
  "batches": [
    500,
    1000,
    1500,
    2000,
    2500,
    3000,
    3500,
    4000,
    4500,
    5000,
    5500,
    6000,
    6500,
    7000,
    7500,
    8000,
    8500,
    9000
  ],
  "train_errs": [
    3.300775712966919,
    2.8350746550559998,
    2.4976587142944338,
    2.0970901477336885,
    1.4924149844646455,
    1.1609562740325927,
    1.036725614786148,
    0.9928143074512482,
    0.9651522368192673,
    0.9451782032251358,
    0.9148632252216339,
    0.9131334830522537,
    0.9029664801359176,
    0.9074447289705276,
    0.8961618275642395,
    0.8928585115671158,
    0.8858040899038315,
    0.893840005159378
  ],
  "train_errs_ra": [
    3.300775712966919,
    3.067925184011459,
    2.8778363607724504,
    2.68264980751276,
    2.444602842903137,
    2.2306617480913795,
    2.060099443333489,
    1.926688801348209,
    1.8198514052894377,
    1.7323840850830077,
    1.658064006913792,
    1.5959864632586638,
    1.5426772337876833,
    1.4973034834436008,
    1.4572273730516434,
    1.4219543192088604,
    1.3904160704262116,
    1.3628285112447207
  ],
  "valid_errs": [
    3.066887226104736,
    2.6902905988693235,
    2.3799660248756407,
    1.8663102152347564,
    1.2997009377479554,
    1.1257725701332093,
    1.0569954017400742,
    1.0147681452035904,
    0.9931690558195114,
    0.9762776391506195,
    0.9608035323619842,
    0.9468727844953537,
    0.9398541589975357,
    0.8904823973178864,
    0.880684227347374,
    0.869309020280838,
    0.8678600982427597,
    0.8558494275808335
  ]
}