{
  "times": [
    443,
    888,
    1334,
    1777,
    2221,
    2668,
    3113,
    3560,
    4004,
    4448,
    4893,
    5333,
    5766,
    6199,
    6632,
    7068,
    7510,
    7951,
    8652,
    9108,
    9566,
    10025,
    10484,
    10943,
    11402,
    11862,
    12321,
    12779,
    13239,
    13698,
    14157,
    14616,
    15075,
    15535,
    15994,
    16450,
    17150,
    17609,
    18069,
    18528,
    18986,
    19446,
    19905,
    20364,
    20823,
    21282,
    21741,
    22198,
    22652,
    23110,
    23569,
    24029,
    24488,
    24945
  ],
  "epochs": [
    1,
    1,
    1,
    1,
    1,
    1,
    1,
    1,
    1,
    1,
    1,
    1,
    1,
    1,
    1,
    1,
    1,
    1,
    2,
    2,
    2,
    2,
    2,
    2,
    2,
    2,
    2,
    2,
    2,
    2,
    2,
    2,
    2,
    2,
    2,
    2,
    3,
    3,
    3,
    3,
    3,
    3,
    3,
    3,
    3,
    3,
    3,
    3,
    3,
    3,
    3,
    3,
    3,
    3
  ],
  "batches": [
    500,
    1000,
    1500,
    2000,
    2500,
    3000,
    3500,
    4000,
    4500,
    5000,
    5500,
    6000,
    6500,
    7000,
    7500,
    8000,
    8500,
    9000,
    9500,
    10000,
    10500,
    11000,
    11500,
    12000,
    12500,
    13000,
    13500,
    14000,
    14500,
    15000,
    15500,
    16000,
    16500,
    17000,
    17500,
    18000,
    18500,
    19000,
    19500,
    20000,
    20500,
    21000,
    21500,
    22000,
    22500,
    23000,
    23500,
    24000,
    24500,
    25000,
    25500,
    26000,
    26500,
    27000
  ],
  "train_errs": [
    3.300775712966919,
    2.8350746550559998,
    2.4976587142944338,
    2.0970901477336885,
    1.4924149844646455,
    1.1609562740325927,
    1.036725614786148,
    0.9928143074512482,
    0.9651522368192673,
    0.9451782032251358,
    0.9148632252216339,
    0.9131334830522537,
    0.9029664801359176,
    0.9074447289705276,
    0.8961618275642395,
    0.8928585115671158,
    0.8858040899038315,
    0.893840005159378,
    0.9118314720392228,
    0.9033809349536895,
    0.9022141329050064,
    0.8984252017736435,
    0.8921958736181259,
    0.8989011623859405,
    0.8820080577135087,
    0.8842917689085007,
    0.8810149067640305,
    0.8748264274597168,
    0.8555705447196961,
    0.8610456491708756,
    0.8565372360944747,
    0.8647410795688629,
    0.8580266900062561,
    0.857128494143486,
    0.8530274832248688,
    0.8634146435260772,
    0.8815451495647431,
    0.8751931878328323,
    0.8755389255285263,
    0.873094217300415,
    0.8685495463609696,
    0.8762560491561889,
    0.8607881027460098,
    0.8642630659341812,
    0.8617866990566254,
    0.8563128445148468,
    0.8379806280136108,
    0.8441723487377166,
    0.8401560144424438,
    0.8492120885848999,
    0.8431609818935394,
    0.8426384893655777,
    0.8388177936077118,
    0.8499882092475891
  ],
  "train_errs_ra": [
    3.300775712966919,
    3.067925184011459,
    2.8778363607724504,
    2.68264980751276,
    2.444602842903137,
    2.2306617480913795,
    2.060099443333489,
    1.926688801348209,
    1.8198514052894377,
    1.7323840850830077,
    1.658064006913792,
    1.5959864632586638,
    1.5426772337876833,
    1.4973034834436008,
    1.4572273730516434,
    1.4219543192088604,
    1.3904160704262116,
    1.3628285112447207,
    1.339091824970747,
    1.317306280469894,
    1.2975399877287088,
    1.279398406548933,
    1.2625635138128108,
    1.2474109158366913,
    1.2327948015117638,
    1.2193908387193306,
    1.2068583967950601,
    1.1950001121759406,
    1.183295644332622,
    1.1725539778272303,
    1.1623598893842382,
    1.1530593015775077,
    1.1441189194086818,
    1.1356780245479408,
    1.127602294795853,
    1.1202637489272482,
    1.1138118948904236,
    1.1075324552310133,
    1.1015839031873598,
    1.0958716610401862,
    1.0903272192187419,
    1.0852302865982049,
    1.0800107009272235,
    1.0751073455864726,
    1.070366886774698,
    1.0657135380299187,
    1.0608681569657419,
    1.0563536609609914,
    1.0519414640932658,
    1.0478868765830986,
    1.0438726433538916,
    1.0400027557771934,
    1.0362068130947502,
    1.0327583204309139
  ],
  "valid_errs": [
    3.066887226104736,
    2.6902905988693235,
    2.3799660248756407,
    1.8663102152347564,
    1.2997009377479554,
    1.1257725701332093,
    1.0569954017400742,
    1.0147681452035904,
    0.9931690558195114,
    0.9762776391506195,
    0.9608035323619842,
    0.9468727844953537,
    0.9398541589975357,
    0.8904823973178864,
    0.880684227347374,
    0.869309020280838,
    0.8678600982427597,
    0.8558494275808335,
    0.874385679602623,
    0.8811709235906601,
    0.8817479860782623,
    0.887282365322113,
    0.8898487017154694,
    0.8873433139324188,
    0.8900827391147613,
    0.8841187671422959,
    0.8840273103713989,
    0.8787209802865982,
    0.8759731922149658,
    0.8705013188123703,
    0.8697346985340119,
    0.8417761770486831,
    0.8373119219541549,
    0.8307235767841339,
    0.8308515158891678,
    0.8223505816459655,
    0.841650982260704,
    0.8487638447284699,
    0.8519653549194336,
    0.8583798524141312,
    0.8602643901109696,
    0.8594469335079193,
    0.8628634464740753,
    0.859127601146698,
    0.8604829976558686,
    0.8570903359651566,
    0.8543100666999817,
    0.8509527291059494,
    0.8504231534004212,
    0.8255066405534744,
    0.8205439012050628,
    0.8149760665893555,
    0.8157736504077912,
    0.8087284035682678
  ]
}