{
  "times": [
    819,
    1639,
    2454,
    3275,
    4090,
    4909,
    5730,
    6545,
    7362,
    8173,
    8985,
    9792,
    10607,
    11418,
    12225,
    13037,
    13844,
    14573,
    15981,
    16793,
    17600,
    18412,
    19219,
    20030,
    20842,
    21657,
    22478,
    23294,
    24110,
    24926,
    25747,
    26567,
    27383,
    28200,
    29016,
    29751
  ],
  "epochs": [
    1,
    1,
    1,
    1,
    1,
    1,
    1,
    1,
    1,
    1,
    1,
    1,
    1,
    1,
    1,
    1,
    1,
    1,
    2,
    2,
    2,
    2,
    2,
    2,
    2,
    2,
    2,
    2,
    2,
    2,
    2,
    2,
    2,
    2,
    2,
    2
  ],
  "batches": [
    500,
    1000,
    1500,
    2000,
    2500,
    3000,
    3500,
    4000,
    4500,
    5000,
    5500,
    6000,
    6500,
    7000,
    7500,
    8000,
    8500,
    9000,
    9500,
    10000,
    10500,
    11000,
    11500,
    12000,
    12500,
    13000,
    13500,
    14000,
    14500,
    15000,
    15500,
    16000,
    16500,
    17000,
    17500,
    18000
  ],
  "train_errs": [
    7.4967704196340375,
    4.919295122674794,
    3.3601935681390347,
    2.401428673354828,
    2.01945520957215,
    1.9384095744410996,
    1.86988072622698,
    1.8379210601982616,
    1.8021968986015084,
    1.7707086865498083,
    1.7728121145137758,
    1.7511632056842044,
    1.7337122932682922,
    1.7079739524173838,
    1.649728897962414,
    1.6786224273665697,
    1.696441022179694,
    1.716254657362626,
    1.686023109126133,
    1.675704271838081,
    1.6797257542019899,
    1.6668075570262215,
    1.6529700269342296,
    1.6702890936663732,
    1.6596035993416762,
    1.6597545031109167,
    1.6539575939671831,
    1.642014812218184,
    1.6591781307737763,
    1.6531917596944385,
    1.6474578698094933,
    1.6304715527024822,
    1.578344961633742,
    1.613535525386375,
    1.6364105023175672,
    1.6611653514364166
  ],
  "train_errs_ra": [
    7.4967704196340375,
    6.208032771154416,
    5.258753036815955,
    4.544421945950673,
    4.039428598674969,
    3.689258761302658,
    3.429347613434704,
    3.2304192942801486,
    3.071727916982522,
    2.9416259939392506,
    2.8353701867187526,
    2.7450196049658735,
    2.6672267348352907,
    2.5987086789482974,
    2.535443360215905,
    2.4818920519128214,
    2.435689050163814,
    2.3957204727859702,
    2.358367979961768,
    2.3242347945555837,
    2.293543887872079,
    2.265055872833631,
    2.2384434447510486,
    2.2147703467891873,
    2.192563676891287,
    2.1720710163612726,
    2.1528816303466765,
    2.1346363868420872,
    2.1182412745638697,
    2.102739624068222,
    2.0880531158663276,
    2.0737536920174575,
    2.058741306248254,
    2.0456470185758455,
    2.033954546682752,
    2.0235992912592424
  ],
  "valid_errs": [
    5.726320307279974,
    4.355404095523984,
    2.794936878696478,
    2.1268496458845454,
    1.9955372988892492,
    1.935768005883275,
    1.8780360747378346,
    1.831734659881324,
    1.7961565815520935,
    1.7731144290571148,
    1.7487752668209142,
    1.740254110695727,
    1.7272627079007392,
    1.6998485772149057,
    1.6847265778406457,
    1.6787412778692583,
    1.6689014069323975,
    1.6805820274435,
    1.6541567452333497,
    1.6513053815750796,
    1.6419923569594095,
    1.6384551304450998,
    1.638844584985996,
    1.6465424795955426,
    1.636569896870282,
    1.6313625576683504,
    1.621385829645256,
    1.6172082879881782,
    1.6117813073350724,
    1.612284564515871,
    1.6226903450533265,
    1.6042912494595274,
    1.6052291076589695,
    1.5998302676671114,
    1.5960310465660952,
    1.605301192123287
  ]
}