{
  "times": [
    819,
    1639,
    2454,
    3275,
    4090,
    4909,
    5730,
    6545,
    7362,
    8173,
    8985,
    9792,
    10607,
    11418,
    12225,
    13037,
    13844,
    14573,
    15981,
    16793,
    17600,
    18412,
    19219,
    20030,
    20842,
    21657,
    22478,
    23294,
    24110,
    24926,
    25747,
    26567,
    27383,
    28200,
    29016,
    29751,
    31167,
    31982,
    32793,
    33608,
    34419,
    35234,
    36052,
    36867,
    37688,
    38504,
    39324,
    40138,
    40958,
    41777,
    42595,
    43417,
    44234,
    44969,
    46387,
    47207,
    48023,
    48848,
    49664,
    50485,
    51302,
    52118,
    52939,
    53757,
    54579,
    55396,
    56217,
    57036,
    57848,
    58669,
    59485,
    60220
  ],
  "epochs": [
    1,
    1,
    1,
    1,
    1,
    1,
    1,
    1,
    1,
    1,
    1,
    1,
    1,
    1,
    1,
    1,
    1,
    1,
    2,
    2,
    2,
    2,
    2,
    2,
    2,
    2,
    2,
    2,
    2,
    2,
    2,
    2,
    2,
    2,
    2,
    2,
    3,
    3,
    3,
    3,
    3,
    3,
    3,
    3,
    3,
    3,
    3,
    3,
    3,
    3,
    3,
    3,
    3,
    3,
    4,
    4,
    4,
    4,
    4,
    4,
    4,
    4,
    4,
    4,
    4,
    4,
    4,
    4,
    4,
    4,
    4,
    4
  ],
  "batches": [
    500,
    1000,
    1500,
    2000,
    2500,
    3000,
    3500,
    4000,
    4500,
    5000,
    5500,
    6000,
    6500,
    7000,
    7500,
    8000,
    8500,
    9000,
    9500,
    10000,
    10500,
    11000,
    11500,
    12000,
    12500,
    13000,
    13500,
    14000,
    14500,
    15000,
    15500,
    16000,
    16500,
    17000,
    17500,
    18000,
    18500,
    19000,
    19500,
    20000,
    20500,
    21000,
    21500,
    22000,
    22500,
    23000,
    23500,
    24000,
    24500,
    25000,
    25500,
    26000,
    26500,
    27000,
    27500,
    28000,
    28500,
    29000,
    29500,
    30000,
    30500,
    31000,
    31500,
    32000,
    32500,
    33000,
    33500,
    34000,
    34500,
    35000,
    35500,
    36000
  ],
  "train_errs": [
    7.4967704196340375,
    4.919295122674794,
    3.3601935681390347,
    2.401428673354828,
    2.01945520957215,
    1.9384095744410996,
    1.86988072622698,
    1.8379210601982616,
    1.8021968986015084,
    1.7707086865498083,
    1.7728121145137758,
    1.7511632056842044,
    1.7337122932682922,
    1.7079739524173838,
    1.649728897962414,
    1.6786224273665697,
    1.696441022179694,
    1.716254657362626,
    1.686023109126133,
    1.675704271838081,
    1.6797257542019899,
    1.6668075570262215,
    1.6529700269342296,
    1.6702890936663732,
    1.6596035993416762,
    1.6597545031109167,
    1.6539575939671831,
    1.642014812218184,
    1.6591781307737763,
    1.6531917596944385,
    1.6474578698094933,
    1.6304715527024822,
    1.578344961633742,
    1.613535525386375,
    1.6364105023175672,
    1.6611653514364166,
    1.6332789555314002,
    1.6253949756936186,
    1.6330108462735264,
    1.6229999291313357,
    1.6121180887494888,
    1.6307777227528901,
    1.6224151833028877,
    1.6231143533165375,
    1.6198827346413494,
    1.6094666346288935,
    1.62790829782059,
    1.6230734004637495,
    1.618772400200837,
    1.603340284806229,
    1.5527694078653203,
    1.5876924766821106,
    1.6125581878814976,
    1.6375640374241147,
    1.6095060124645664,
    1.6041268109996267,
    1.6110244617355776,
    1.6019839109534952,
    1.5926699459366902,
    1.6118942835983394,
    1.6041496967309796,
    1.6051286777020657,
    1.60208988494313,
    1.592875350320061,
    1.6109499430288194,
    1.6092998523894297,
    1.602646948444093,
    1.5881157029402078,
    1.6693332907971405,
    3.9790267996392603,
    3.308969351465243,
    3.2988982166616436
  ],
  "train_errs_ra": [
    7.4967704196340375,
    6.208032771154416,
    5.258753036815955,
    4.544421945950673,
    4.039428598674969,
    3.689258761302658,
    3.429347613434704,
    3.2304192942801486,
    3.071727916982522,
    2.9416259939392506,
    2.8353701867187526,
    2.7450196049658735,
    2.6672267348352907,
    2.5987086789482974,
    2.535443360215905,
    2.4818920519128214,
    2.435689050163814,
    2.3957204727859702,
    2.358367979961768,
    2.3242347945555837,
    2.293543887872079,
    2.265055872833631,
    2.2384434447510486,
    2.2147703467891873,
    2.192563676891287,
    2.1720710163612726,
    2.1528816303466765,
    2.1346363868420872,
    2.1182412745638697,
    2.102739624068222,
    2.0880531158663276,
    2.0737536920174575,
    2.058741306248254,
    2.0456470185758455,
    2.033954546682752,
    2.0235992912592424,
    2.0130500929963278,
    2.0028486425409935,
    1.993365622123879,
    1.9841064797990653,
    1.9750335922124902,
    1.9668370238920236,
    1.9588272136457645,
    1.9511973759110095,
    1.943834828327239,
    1.9365659545511882,
    1.9299987703654307,
    1.9236044918258122,
    1.9173834287314249,
    1.911102565852921,
    1.904076425500223,
    1.8979921187921822,
    1.892606572925943,
    1.8878835630092425,
    1.8828221529993394,
    1.8778454504636304,
    1.8731643804859452,
    1.868488855149179,
    1.8638139583828657,
    1.8596152971364568,
    1.8554273364740719,
    1.8513902613325879,
    1.847433112501009,
    1.8434556474669317,
    1.8398786366294224,
    1.8363850186863924,
    1.8328963907723281,
    1.829296674774797,
    1.8269783648620774,
    1.8577219139303232,
    1.878162018684336,
    1.8978944658784653
  ],
  "valid_errs": [
    5.726320307279974,
    4.355404095523984,
    2.794936878696478,
    2.1268496458845454,
    1.9955372988892492,
    1.935768005883275,
    1.8780360747378346,
    1.831734659881324,
    1.7961565815520935,
    1.7731144290571148,
    1.7487752668209142,
    1.740254110695727,
    1.7272627079007392,
    1.6998485772149057,
    1.6847265778406457,
    1.6787412778692583,
    1.6689014069323975,
    1.6805820274435,
    1.6541567452333497,
    1.6513053815750796,
    1.6419923569594095,
    1.6384551304450998,
    1.638844584985996,
    1.6465424795955426,
    1.636569896870282,
    1.6313625576683504,
    1.621385829645256,
    1.6172082879881782,
    1.6117813073350724,
    1.612284564515871,
    1.6226903450533265,
    1.6042912494595274,
    1.6052291076589695,
    1.5998302676671114,
    1.5960310465660952,
    1.605301192123287,
    1.5919014313143331,
    1.592629691161481,
    1.5861505457598637,
    1.5927065280223895,
    1.597495518738167,
    1.598133148371842,
    1.5874780671151578,
    1.5798697259357073,
    1.5858867204178393,
    1.5875383447985107,
    1.5758563771473042,
    1.5781247751695453,
    1.5822784213851298,
    1.5718145396047678,
    1.5713411167703624,
    1.5703315848011732,
    1.5727082084099147,
    1.5757880075082453,
    1.5763930409261369,
    1.5645101141271367,
    1.5619446009410567,
    1.564048882626903,
    1.56264891014028,
    1.5749383753767998,
    1.5667927029538486,
    1.5581642255269395,
    1.558030498868917,
    1.5549955784713465,
    1.5550432702923267,
    1.5561664989601056,
    1.5591268294501008,
    1.5608096772810365,
    8.048243037727831,
    3.321122408490249,
    3.2925466435188904,
    3.2876696730142725
  ]
}