{
  "times": [
    1538,
    3062,
    4588,
    6112
  ],
  "epochs": [
    1,
    1,
    1,
    1
  ],
  "batches": [
    500,
    1000,
    1500,
    2000
  ],
  "train_errs": [
    4.044911812908188,
    1.9528836529118385,
    1.8329901776041475,
    1.8069700810159854
  ],
  "valid_errs": [
    2.276856012922473,
    2.0512294855265094,
    1.9942770347032366,
    1.9898236729461323
  ],
  "batches_per_epoch": 2400
}