{
  "times": [
    1538,
    3062,
    4588,
    6112,
    8843,
    10377,
    11914,
    13454,
    14999
  ],
  "epochs": [
    1,
    1,
    1,
    1,
    2,
    2,
    2,
    2,
    2
  ],
  "batches": [
    500,
    1000,
    1500,
    2000,
    2500,
    3000,
    3500,
    4000,
    4500
  ],
  "train_errs": [
    4.044911812908188,
    1.9528836529118385,
    1.8329901776041475,
    1.8069700810159854,
    2.144558527117272,
    1.78625520480377,
    1.7456894877138287,
    1.7141993690624615,
    1.6647841317798002
  ],
  "valid_errs": [
    2.276856012922473,
    2.0512294855265094,
    1.9942770347032366,
    1.9898236729461323,
    1.8821628920898414,
    1.8954341586409427,
    1.8875592811569422,
    1.870657748057154,
    1.927602727954073
  ],
  "batches_per_epoch": 2400
}