{
  "times": [
    1538,
    3062,
    4588,
    6112,
    8843,
    10377,
    11914,
    13454,
    14999,
    17849,
    19664,
    21646,
    23471,
    25385
  ],
  "epochs": [
    1,
    1,
    1,
    1,
    2,
    2,
    2,
    2,
    2,
    3,
    3,
    3,
    3,
    3
  ],
  "batches": [
    500,
    1000,
    1500,
    2000,
    2500,
    3000,
    3500,
    4000,
    4500,
    5000,
    5500,
    6000,
    6500,
    7000
  ],
  "train_errs": [
    4.044911812908188,
    1.9528836529118385,
    1.8329901776041475,
    1.8069700810159854,
    2.144558527117272,
    1.78625520480377,
    1.7456894877138287,
    1.7141993690624615,
    1.6647841317798002,
    2.605627288079738,
    1.7294980733872107,
    1.7051955878271674,
    1.6772042859447802,
    1.589417006916238
  ],
  "valid_errs": [
    2.276856012922473,
    2.0512294855265094,
    1.9942770347032366,
    1.9898236729461323,
    1.8821628920898414,
    1.8954341586409427,
    1.8875592811569422,
    1.870657748057154,
    1.927602727954073,
    1.8338183247169417,
    1.843928268093637,
    1.8431456442725773,
    1.837683590939507,
    1.9172585618351243
  ],
  "batches_per_epoch": 2400
}