{
  "times": [
    4,
    8,
    13,
    17,
    21,
    26,
    30,
    35,
    39,
    44,
    48,
    52,
    57,
    61
  ],
  "epochs": [
    1,
    1,
    2,
    2,
    2,
    3,
    3,
    3,
    4,
    4,
    4,
    5,
    5,
    5
  ],
  "batches": [
    160,
    320,
    480,
    640,
    800,
    960,
    1120,
    1280,
    1440,
    1600,
    1760,
    1920,
    2080,
    2240
  ],
  "train_errs": [
    2.5414145454764365,
    2.286969469487667,
    2.24726188480854,
    2.2120166659355163,
    2.1833120718598367,
    2.17677990347147,
    2.1651717476546763,
    2.1489491894841195,
    2.154693867266178,
    2.1437594063580034,
    2.138646499812603,
    2.1357838690280913,
    2.1302658058702946,
    2.1321907564997673
  ],
  "train_errs_ra": [
    2.5414145454764365,
    2.4141920074820518,
    2.3585486332575476,
    2.3219156414270397,
    2.2941949275135993,
    2.274625756839911,
    2.2589894698134487,
    2.2452344347722826,
    2.2351743717160484,
    2.226032875180244,
    2.218088659237731,
    2.211229926720261,
    2.20500191742411,
    2.1998011202152283
  ],
  "valid_errs": [
    2.352535713500235,
    2.3223254156546296,
    2.259395256652545,
    2.231047495737013,
    2.214170502659369,
    2.229465739261248,
    2.1902710097304854,
    2.1835175221450056,
    2.179824995972139,
    2.18289442202932,
    2.1884380894867594,
    2.179067944314047,
    2.1620841393391514,
    2.161597330168745
  ]
}