{
  "times": [
    797,
    1842,
    2658,
    3700,
    4512,
    5561,
    6361,
    7410,
    8195
  ],
  "epochs": [
    1,
    2,
    2,
    3,
    3,
    4,
    4,
    5,
    5
  ],
  "batches": [
    500,
    1000,
    1500,
    2000,
    2500,
    3000,
    3500,
    4000,
    4500
  ],
  "train_errs": [
    5.815695771792733,
    2.4446607520215364,
    1.9778760675137337,
    1.8267873677345607,
    1.7955529652712472,
    1.7199694571678292,
    1.7325058384121435,
    1.6833741432505287,
    1.6800355905785498
  ],
  "valid_errs": [
    3.151273717327451,
    2.1758058470255115,
    1.9598507020870637,
    1.9064552020383718,
    1.8624278609755462,
    1.8533186425084718,
    1.8250811085932934,
    1.8129426590867217,
    1.8154136456203909
  ],
  "batches_per_epoch": 900
}