{
  "batch_size": 100,
  "num_timesteps": 10,
  "lr": 0.05,
  "epochs": 10,
  "valid_losses": [
    2.4267508157731847,
    1.8795934047627187,
    1.7983766223637478,
    1.7578829790546227,
    1.7338880183424836,
    1.7167294029131495,
    1.7017979196943311,
    1.6867877955097372,
    1.671828112342205,
    1.6586621378499289,
    1.6481954488859332
  ],
  "train_losses": [
    1.611465573310852,
    1.4938889741897583,
    1.4544737339019775,
    1.4760383367538452,
    1.396910548210144,
    1.418230414390564,
    1.396828055381775,
    1.4231929779052734,
    1.3877583742141724,
    1.4216561317443848,
    1.4043424129486084,
    1.3536113500595093,
    1.356914758682251,
    1.3250138759613037,
    1.3911190032958984,
    1.3190672397613525,
    1.341849684715271,
    1.4540290832519531,
    1.4806865453720093,
    1.3783715963363647,
    1.3225667476654053,
    1.270959496498108,
    1.3183467388153076,
    1.3546314239501953,
    1.2655670642852783,
    1.2652199268341064,
    1.3195350170135498,
    1.3605748414993286,
    1.3590208292007446,
    1.2067204713821411,
    1.276369333267212,
    1.2252806425094604,
    1.2376408576965332,
    1.3291252851486206,
    1.2883245944976807,
    1.2508975267410278,
    1.205134391784668,
    1.3131424188613892,
    1.1761057376861572,
    1.2782047986984253,
    1.264294147491455,
    1.2286008596420288,
    1.2879284620285034,
    1.3101985454559326,
    1.3213605880737305,
    1.133127212524414,
    1.2324856519699097,
    1.2899646759033203,
    1.1720221042633057,
    1.272772192955017,
    1.2572040557861328,
    1.2925294637680054,
    1.3654721975326538,
    1.3187015056610107,
    1.2179949283599854,
    1.3189332485198975,
    1.143034815788269,
    1.1860817670822144,
    1.1806179285049438,
    1.2270829677581787,
    1.2288556098937988,
    1.1772212982177734,
    1.0833323001861572,
    1.1531504392623901,
    1.2100476026535034,
    1.2057852745056152,
    1.2683262825012207,
    1.2133146524429321,
    1.1344890594482422,
    1.0973012447357178,
    1.133806586265564,
    1.1055774688720703,
    1.1424776315689087,
    1.1119048595428467,
    1.1833817958831787,
    1.1571542024612427,
    1.1683907508850098,
    1.168918251991272,
    1.140716314315796,
    1.1486010551452637,
    1.1442533731460571,
    1.1963393688201904,
    1.1341444253921509,
    1.162507176399231,
    1.2976117134094238,
    1.302280306816101,
    1.2186710834503174,
    1.1805686950683594,
    1.0968470573425293,
    1.1647793054580688,
    1.2053823471069336,
    1.1334614753723145,
    1.1243371963500977,
    1.1884901523590088,
    1.2324767112731934,
    1.2277156114578247,
    1.105217695236206,
    1.1568876504898071,
    1.1119661331176758,
    1.1176536083221436,
    1.2383719682693481,
    1.1751710176467896,
    1.1446647644042969,
    1.099747896194458,
    1.2151331901550293,
    1.0829123258590698,
    1.1742452383041382,
    1.1630003452301025,
    1.15151047706604,
    1.2010914087295532,
    1.225312352180481,
    1.2029093503952026,
    1.0378974676132202,
    1.1297661066055298,
    1.20211923122406,
    1.0919990539550781,
    1.1947275400161743,
    1.15357506275177,
    1.2056642770767212,
    1.3010119199752808,
    1.2365206480026245,
    1.1388195753097534,
    1.228277325630188,
    1.0648653507232666,
    1.1076207160949707,
    1.0934014320373535,
    1.1458736658096313,
    1.1456973552703857,
    1.0882480144500732,
    1.0059032440185547,
    1.078585147857666,
    1.1381264925003052,
    1.120352864265442,
    1.1968179941177368,
    1.1438010931015015,
    1.0736267566680908,
    1.0328458547592163,
    1.0656750202178955,
    1.0509296655654907,
    1.08810555934906,
    1.0456781387329102,
    1.135320782661438,
    1.1116667985916138,
    1.1114943027496338,
    1.0958569049835205,
    1.0878795385360718,
    1.0961030721664429,
    1.0897859334945679,
    1.1385176181793213,
    1.087272047996521,
    1.1081516742706299,
    1.2461005449295044,
    1.2571330070495605,
    1.1607431173324585,
    1.1359901428222656,
    1.0338988304138184,
    1.1144587993621826,
    1.1487815380096436,
    1.0828443765640259,
    1.0780680179595947,
    1.1346412897109985,
    1.1831964254379272,
    1.1774975061416626,
    1.0693000555038452,
    1.1088849306106567,
    1.0665502548217773,
    1.0636705160140991,
    1.1971579790115356,
    1.1198174953460693,
    1.1008164882659912,
    1.0534446239471436,
    1.1725903749465942,
    1.0424350500106812,
    1.1245644092559814,
    1.1206291913986206,
    1.1144884824752808,
    1.1633784770965576,
    1.185795545578003,
    1.1411595344543457,
    0.9905638098716736,
    1.0772643089294434,
    1.1632161140441895,
    1.0515536069869995,
    1.153616189956665,
    1.1023151874542236,
    1.1621863842010498,
    1.2557532787322998,
    1.1927452087402344,
    1.0980629920959473,
    1.1853166818618774,
    1.0234434604644775,
    1.0732321739196777,
    1.0509464740753174,
    1.1036908626556396,
    1.1025688648223877,
    1.0374826192855835,
    0.969062089920044,
    1.0354650020599365,
    1.1051318645477295,
    1.0726739168167114,
    1.159674882888794,
    1.1030383110046387,
    1.0377262830734253,
    0.9989574551582336,
    1.0297638177871704,
    1.0159127712249756,
    1.0548393726348877,
    1.0096458196640015,
    1.1079988479614258,
    1.0853809118270874,
    1.0835514068603516,
    1.0542460680007935,
    1.0561208724975586,
    1.066300630569458,
    1.0581424236297607,
    1.1029695272445679,
    1.0585999488830566,
    1.0815794467926025,
    1.2166826725006104,
    1.224426031112671,
    1.1261794567108154,
    1.1085575819015503,
    0.9959362745285034,
    1.0831495523452759,
    1.1141011714935303,
    1.0528229475021362,
    1.0447936058044434,
    1.0969488620758057,
    1.1504725217819214,
    1.1469734907150269,
    1.0440906286239624,
    1.0787620544433594,
    1.039508581161499,
    1.027999758720398,
    1.167794108390808,
    1.085019826889038,
    1.071303129196167,
    1.0246995687484741,
    1.145217776298523,
    1.014941930770874,
    1.0916415452957153,
    1.095320701599121,
    1.089093804359436,
    1.138311505317688,
    1.1602944135665894,
    1.0994864702224731,
    0.9608120322227478,
    1.043591022491455,
    1.138535976409912,
    1.0275182723999023,
    1.1294264793395996,
    1.0688769817352295,
    1.1281105279922485,
    1.2236955165863037,
    1.1596089601516724,
    1.0678051710128784,
    1.1575500965118408,
    0.9940993785858154,
    1.0503036975860596,
    1.0239052772521973,
    1.0763686895370483,
    1.0750778913497925,
    1.0044262409210205,
    0.9475541710853577,
    1.0079302787780762,
    1.0855575799942017,
    1.0429869890213013,
    1.1353561878204346,
    1.0755558013916016,
    1.0129860639572144,
    0.9745302796363831,
    1.0059345960617065,
    0.9907627701759338,
    1.0303837060928345,
    0.9851060509681702,
    1.0859980583190918,
    1.067196011543274,
    1.0640789270401,
    1.0286030769348145,
    1.0337944030761719,
    1.0453633069992065,
    1.0363339185714722,
    1.0800937414169312,
    1.0370736122131348,
    1.064173936843872,
    1.193663239479065,
    1.1951088905334473,
    1.0996359586715698,
    1.0872628688812256,
    0.9695636034011841,
    1.059555172920227,
    1.0908461809158325,
    1.0316489934921265,
    1.0190786123275757,
    1.073898434638977,
    1.1269818544387817,
    1.1223065853118896,
    1.024972915649414,
    1.0566432476043701,
    1.0225725173950195,
    1.0041524171829224,
    1.1451754570007324,
    1.0608391761779785,
    1.0492702722549438,
    1.003592848777771,
    1.123378038406372,
    0.9961885213851929,
    1.0681644678115845,
    1.0761560201644897,
    1.0676358938217163,
    1.1203985214233398,
    1.1410326957702637,
    1.0730371475219727,
    0.939807653427124,
    1.01762855052948,
    1.120154619216919,
    1.0092624425888062,
    1.1128513813018799,
    1.0442055463790894,
    1.101285457611084,
