{
  "times": [
    14,
    29,
    44,
    59,
    74,
    90,
    104,
    119,
    135,
    149,
    164,
    179,
    194,
    209
  ],
  "epochs": [
    1,
    1,
    2,
    2,
    2,
    3,
    3,
    3,
    4,
    4,
    4,
    5,
    5,
    5
  ],
  "batches": [
    640,
    1280,
    1920,
    2560,
    3200,
    3840,
    4480,
    5120,
    5760,
    6400,
    7040,
    7680,
    8320,
    8960
  ],
  "train_errs": [
    2.4019897701218724,
    2.2531754583120347,
    2.2397753529250624,
    2.22775241471827,
    2.2052040744572876,
    2.205208876542747,
    2.2112724436447024,
    2.1941900312900544,
    2.2029857810586693,
    2.20461071934551,
    2.194074200466275,
    2.200144489482045,
    2.195594329573214,
    2.1915455659851433
  ],
  "train_errs_ra": [
    2.4019897701218724,
    2.3275826142169533,
    2.298313527119656,
    2.2806732490193093,
    2.265579414106905,
    2.2555176578462124,
    2.2491969129602825,
    2.242321052751504,
    2.2379504670078556,
    2.234616492241621,
    2.2309308293529533,
    2.2283653010303777,
    2.2258444570721347,
    2.223394536280207
  ],
  "valid_errs": [
    2.2933485850378728,
    2.245781402970676,
    2.2430510468601095,
    2.217660493109061,
    2.2054357155620137,
    2.231101413997747,
    2.224207377575826,
    2.1935131028738466,
    2.2062214707535763,
    2.1928144918784485,
    2.2315791714112936,
    2.197243329610672,
    2.209464431369742,
    2.1980464831531963
  ]
}