{
  "times": [
    4,
    8,
    12,
    16,
    20,
    25,
    29,
    33,
    38,
    42,
    46,
    50,
    54,
    59
  ],
  "epochs": [
    1,
    1,
    2,
    2,
    2,
    3,
    3,
    3,
    4,
    4,
    4,
    5,
    5,
    5
  ],
  "batches": [
    160,
    320,
    480,
    640,
    800,
    960,
    1120,
    1280,
    1440,
    1600,
    1760,
    1920,
    2080,
    2240
  ],
  "train_errs": [
    2.7898841947317123,
    2.214643257856369,
    2.1715280450880527,
    2.1339067563414575,
    2.0946889892220497,
    2.0876709781587124,
    2.0766050100326536,
    2.049383933097124,
    2.053022373467684,
    2.0424436695873736,
    2.0314228765666487,
    2.027157900482416,
    2.0127541847527026,
    2.016735365241766
  ],
  "train_errs_ra": [
    2.7898841947317123,
    2.5022637262940406,
    2.3920184992253777,
    2.327490563504398,
    2.2809302486479286,
    2.2487203702330594,
    2.224132461633001,
    2.2022888955660167,
    2.18570372644398,
    2.1713777207583194,
    2.158654553104531,
    2.1476964987193545,
    2.13731632072192,
    2.12870339533048
  ],
  "valid_errs": [
    2.2899879106125063,
    2.2230464663764233,
    2.2188485077684224,
    2.163183340722769,
    2.1299387840463586,
    2.1699866503897636,
    2.124664803738503,
    2.107334087918492,
    2.091649615230064,
    2.102457878394499,
    2.0737311376527994,
    2.0823987589692874,
    2.048454722478944,
    2.0475142843934875
  ]
}