{
  "cwd": "/afs/inf.ed.ac.uk/user/s14/s1449692/studies/fyp/project/char-rnn-experiments",
  "0": {
    "train_loss": 4.360456534312684,
    "valid_loss": 4.3648799130237785
  },
  "best": {
    "valid_loss": 1.6659614202495112,
    "index": 18,
    "hyperparams": {
      "adapt": true,
      "delta": 0.01,
      "n": 5
    }
  },
  "1": {
    "train_loss": 4.360455310141481,
    "valid_loss": 4.365221971272482
  },
  "2": {
    "train_loss": 4.36045653250668,
    "valid_loss": 4.364879224633017
  },
  "3": {
    "train_loss": 4.3604553075682855,
    "valid_loss": 4.365219263860599
  },
  "4": {
    "train_loss": 3.2768790828917993,
    "valid_loss": 3.2808190807711677
  },
  "5": {
    "train_loss": 3.2768505176532816,
    "valid_loss": 3.281820703234094
  },
  "6": {
    "train_loss": 3.2768828630010978,
    "valid_loss": 3.2807546372753738
  },
  "7": {
    "train_loss": 3.276855619787739,
    "valid_loss": 3.2816764908186173
  },
  "8": {
    "train_loss": 2.6192975180569484,
    "valid_loss": 2.6171159781139264
  },
  "9": {
    "train_loss": 2.6190887618624847,
    "valid_loss": 2.620078193712836
  },
  "10": {
    "train_loss": 2.6193969288551373,
    "valid_loss": 2.6167512971452265
  },
  "11": {
    "train_loss": 2.619220778834941,
    "valid_loss": 2.6194325324011016
  },
  "12": {
    "train_loss": 2.0225693317687896,
    "valid_loss": 2.0261533113511234
  },
  "13": {
    "train_loss": 2.0217834019523573,
    "valid_loss": 2.0323501151384322
  },
  "14": {
    "train_loss": 2.0233532242811085,
    "valid_loss": 2.0250914425460813
  },
  "15": {
    "train_loss": 2.0227858570886603,
    "valid_loss": 2.0306049337747933
  },
  "16": {
    "train_loss": 1.6484775108458694,
    "valid_loss": 1.6678139684922029
  },
  "17": {
    "train_loss": 1.6465095832888332,
    "valid_loss": 1.6781487410478098
  },
  "18": {
    "train_loss": 1.651783034425138,
    "valid_loss": 1.6659614202495112
  },
  "19": {
    "train_loss": 1.6506067673042892,
    "valid_loss": 1.675110379806362
  },
  "experiment_duration_min": 185.05446577469507
}