{
  "times": [
    826,
    1657,
    2490,
    3336,
    4168,
    5005,
    5838,
    6671,
    7503,
    8336,
    9169,
    10000,
    10832,
    11664,
    12496,
    13329,
    14161,
    14982,
    16424,
    17256,
    18088,
    18921,
    19753,
    20585,
    21418,
    22250,
    23082,
    23914,
    24747,
    25578,
    26411,
    27244,
    28076,
    28908,
    29742,
    30563,
    32001,
    32832,
    33664,
    34497,
    35329,
    36161,
    36993,
    37825,
    38657,
    39490,
    40322,
    41155,
    41988,
    42820,
    43652,
    44489,
    45321,
    46142,
    47580,
    48410,
    49237,
    50064,
    50890,
    51719,
    52546,
    53376,
    54208,
    55037,
    55864,
    56690,
    57517,
    58344,
    59170,
    59996,
    60830,
    61651
  ],
  "epochs": [
    1,
    1,
    1,
    1,
    1,
    1,
    1,
    1,
    1,
    1,
    1,
    1,
    1,
    1,
    1,
    1,
    1,
    1,
    2,
    2,
    2,
    2,
    2,
    2,
    2,
    2,
    2,
    2,
    2,
    2,
    2,
    2,
    2,
    2,
    2,
    2,
    3,
    3,
    3,
    3,
    3,
    3,
    3,
    3,
    3,
    3,
    3,
    3,
    3,
    3,
    3,
    3,
    3,
    3,
    4,
    4,
    4,
    4,
    4,
    4,
    4,
    4,
    4,
    4,
    4,
    4,
    4,
    4,
    4,
    4,
    4,
    4
  ],
  "batches": [
    500,
    1000,
    1500,
    2000,
    2500,
    3000,
    3500,
    4000,
    4500,
    5000,
    5500,
    6000,
    6500,
    7000,
    7500,
    8000,
    8500,
    9000,
    9500,
    10000,
    10500,
    11000,
    11500,
    12000,
    12500,
    13000,
    13500,
    14000,
    14500,
    15000,
    15500,
    16000,
    16500,
    17000,
    17500,
    18000,
    18500,
    19000,
    19500,
    20000,
    20500,
    21000,
    21500,
    22000,
    22500,
    23000,
    23500,
    24000,
    24500,
    25000,
    25500,
    26000,
    26500,
    27000,
    27500,
    28000,
    28500,
    29000,
    29500,
    30000,
    30500,
    31000,
    31500,
    32000,
    32500,
    33000,
    33500,
    34000,
    34500,
    35000,
    35500,
    36000
  ],
  "train_errs": [
    7.5478040575168865,
    3.3757261998258388,
    3.1079154033950096,
    2.8578226208196305,
    2.5355262222826074,
    2.1788211306159884,
    1.8920307092615654,
    1.7089642047874458,
    1.5993865354016024,
    1.5168026244955848,
    1.474992429249181,
    1.4293555280103643,
    1.40795984798377,
    1.3797758770333048,
    1.3677433208565042,
    1.3431259622359912,
    1.34330629894412,
    1.3133505950572062,
    1.3267106626143053,
    1.3039204593713782,
    1.3105515516170154,
    1.296695358139736,
    1.2979896987102153,
    1.2905220713279442,
    1.2776372000903466,
    1.2684570241612654,
    1.2728489870801167,
    1.2629618398323577,
    1.2707604321757946,
    1.2652472887305544,
    1.2718417135870992,
    1.2634261924737402,
    1.266427294718793,
    1.2569711543962419,
    1.265743742105702,
    1.2426434766729977,
    1.259661401611497,
    1.2434787685470494,
    1.254573051358287,
    1.2440833262609285,
    1.2484750635385404,
    1.244297121849815,
    1.2333315140501975,
    1.2260388143497005,
    1.233243122878855,
    1.2249296462955268,
    1.23419645074576,
    1.2307118853191434,
    1.2387016644121864,
    1.2324598554127237,
    1.235734548690667,
    1.2272119644215456,
    1.2370666778051398,
    1.214869836377506,
    1.2339140399265869,
    1.2183938530763858,
    1.2290079436440982,
    1.2195096018747131,
    1.2251925281407279,
    1.221559226786183,
    1.2121098646438684,
    1.2047454937533675,
    1.2122762716171904,
    1.2072637727643,
    1.2140788723437832,
    1.2122717407342536,
    1.2204581623825352,
    1.2149841088740092,
    1.2182590692410085,
    1.21024157067223,
    1.220144034350908,
    1.1988856516861317
  ],
  "train_errs_ra": [
    7.5478040575168865,
    5.461765128671363,
    4.677148553579245,
    4.222317070389342,
    3.884958900767995,
    3.6006026057426603,
    3.3565209062453607,
    3.1505763185631213,
    2.9782218982118414,
    2.8320799708402156,
    2.7087083761501214,
    2.6020956388051415,
    2.51023903951119,
    2.42949167076277,
    2.3587084474356854,
    2.2952345421107045,
    2.2392387631009054,
    2.187800531542922,
    2.142480012125626,
    2.100552034487914,
    2.0629329638750136,
    2.0281039817961375,
    1.996359882531532,
    1.9669499737313827,
    1.9393774627857412,
    1.9135728305309536,
    1.8898423178105523,
    1.8674537293113311,
    1.8468780983756232,
    1.8274904047207876,
    1.8095662533938943,
    1.7924993764901394,
    1.776557798254644,
    1.7612758381411617,
    1.7471177782544343,
    1.7331046032105055,
    1.720308841005127,
    1.7077606812035986,
    1.6961404855665394,
    1.684839056583899,
    1.6741960323632805,
    1.6639603440177217,
    1.6539457200649885,
    1.6442205631169138,
    1.6350877311116234,
    1.6261712510069257,
    1.617831361639667,
    1.6097663725496558,
    1.6021936234039933,
    1.594798948044168,
    1.5877584696254718,
    1.5808248829869347,
    1.57433887911558,
    1.5676820449908007,
    1.561613535807815,
    1.5554846129018964,
    1.5497569520377243,
    1.5440630322073274,
    1.5386584473926395,
    1.5333734603825317,
    1.528106844058947,
    1.522891338408857,
    1.5179609405232748,
    1.5131062972770408,
    1.508505875354991,
    1.504017479375889,
    1.4997852507640477,
    1.4955969986774296,
    1.4915776083957424,
    1.4875585221425494,
    1.4837921209060474,
    1.4798350866113263
  ],
  "valid_errs": [
    3.635545225260563,
    3.391452436510298,
    3.0425218136966268,
    2.8724152187264553,
    2.523996501241181,
    2.16747485968462,
    2.0286267392454396,
    1.810373008857975,
    1.7278484214755632,
    1.6309243462179173,
    1.6043953851266075,
    1.5559328471142617,
    1.4071689278056214,
    1.3749287893741868,
    1.3513917492341139,
    1.3382589612216782,
    1.3137431717711459,
    1.29930199581729,
    1.33052552828914,
    1.3364338993889002,
    1.3486451302334905,
    1.350646562854468,
    1.3557822404974207,
    1.3545241187852817,
    1.3540257228660924,
    1.3485458797336083,
    1.3473446060267986,
    1.3446616140716539,
    1.3422174621629814,
    1.341812642348092,
    1.2616490530906779,
    1.248192431721661,
    1.2431333857643145,
    1.2427234714793411,
    1.2299511360574387,
    1.2260798327278797,
    1.2582852586970121,
    1.26801337255562,
    1.2808429267774473,
    1.2894953739423551,
    1.2960240470797504,
    1.2992708844997143,
    1.3014074356343073,
    1.298725986191558,
    1.2985524876856105,
    1.3003429966559863,
    1.2988530234123925,
    1.299171137485919,
    1.2325898426519688,
    1.2148779931706704,
    1.211009464781183,
    1.212078719961659,
    1.199713388534312,
    1.1977640527259514,
    1.228417132847467,
    1.2395842595984088,
    1.2530227312943145,
    1.2634466916018448,
    1.270573263800826,
    1.2736048382759242,
    1.276508518368656,
    1.2765143275986368,
    1.2772734413053322,
    1.2757879748671042,
    1.2773895837691995,
    1.2771989231145227,
    1.21600388774152,
    1.1984402962483631,
    1.199719913040138,
    1.1941160803913755,
    1.1829470018093289,
    1.1844343910135935
  ]
}