{
  "times": [
    2,
    4,
    7,
    9,
    12,
    14,
    17,
    19,
    22,
    24,
    27,
    29,
    32,
    34,
    37,
    39,
    42,
    44,
    47,
    49,
    52,
    54,
    57,
    59,
    61,
    64,
    66,
    69,
    72,
    74,
    77,
    79,
    82,
    84,
    87,
    89,
    92,
    94,
    96,
    99,
    102
  ],
  "epochs": [
    1,
    1,
    2,
    2,
    3,
    3,
    4,
    4,
    5,
    5,
    6,
    6,
    7,
    7,
    8,
    8,
    9,
    9,
    10,
    10,
    11,
    11,
    12,
    12,
    12,
    13,
    13,
    14,
    14,
    15,
    15,
    16,
    16,
    17,
    17,
    18,
    18,
    19,
    19,
    20,
    20
  ],
  "batches": [
    100,
    200,
    300,
    400,
    500,
    600,
    700,
    800,
    900,
    1000,
    1100,
    1200,
    1300,
    1400,
    1500,
    1600,
    1700,
    1800,
    1900,
    2000,
    2100,
    2200,
    2300,
    2400,
    2500,
    2600,
    2700,
    2800,
    2900,
    3000,
    3100,
    3200,
    3300,
    3400,
    3500,
    3600,
    3700,
    3800,
    3900,
    4000,
    4100
  ],
  "train_errs": [
    3.2438501620292666,
    3.120676374435425,
    3.0274796748161314,
    2.8308089327812196,
    2.6597018909454344,
    2.5306056261062624,
    2.4217405986785887,
    2.3352524185180665,
    2.257417324781418,
    2.2092256247997284,
    2.143903419971466,
    2.123839786052704,
    2.061337287425995,
    2.051339410543442,
    1.9816734302043915,
    1.9966530001163483,
    1.9289010965824127,
    1.9402545642852784,
    1.8845876204967498,
    1.8866681933403016,
    1.8483783578872681,
    1.83052809715271,
    1.8183795201778412,
    1.7932106411457063,
    1.7828155696392058,
    1.7592224872112274,
    1.751599338054657,
    1.726338084936142,
    1.7187502074241638,
    1.70061279296875,
    1.695794051885605,
    1.667188093662262,
    1.6708400225639344,
    1.6349565410614013,
    1.6584337663650512,
    1.61333345413208,
    1.6362553024291993,
    1.5816509819030762,
    1.619903290271759,
    1.5643440747261048,
    1.5964384746551514
  ],
  "train_errs_ra": [
    3.2438501620292666,
    3.1822632682323455,
    3.130668737093607,
    3.05570378601551,
    2.976503407001495,
    2.902187110185623,
    2.8335518942560465,
    2.771264459788799,
    2.7141703336768677,
    2.6636758627891535,
    2.616423822533,
    2.5753751528263087,
    2.5358337785647462,
    2.5012270379917956,
    2.4665901308059683,
    2.437219060137867,
    2.4073180034581343,
    2.381370034615198,
    2.3552235917668582,
    2.3317958218455304,
    2.3087759426094223,
    2.287037404179572,
    2.266660974440366,
    2.2469338772197553,
    2.2283691449165333,
    2.2103250426970984,
    2.193335201784415,
    2.176656733325548,
    2.160866853122052,
    2.1455250511169424,
    2.131017599528835,
    2.1165229274705046,
    2.103017384897578,
    2.0892508894906316,
    2.076941828829901,
    2.0640638184216282,
    2.0525014260975083,
    2.040110624934497,
    2.0293360778918625,
    2.0177112778127184,
    2.007436331394241
  ],
  "valid_errs": [
    3.1779597175532373,
    3.124503234337116,
    2.9661954148062346,
    2.780805768637822,
    2.6229270408893455,
    2.5051841242560027,
    2.4056056244619963,
    2.329404452751423,
    2.255102120596787,
    2.232910316565941,
    2.1834989251761603,
    2.135553606625261,
    2.1131930392363976,
    2.074114406930989,
    2.0455455019556243,
    2.0431149005889893,
    2.0091111988856873,
    1.9876856824447369,
    1.9654253412937295,
    1.9664320061946738,
    1.9147306598466018,
    1.902857258402068,
    1.9558108901155407,
    1.878323762581266,
    1.8490922656552544,
    1.8455899892182186,
    1.8197676272227847,
    1.8262551180247604,
    1.8034611817063957,
    1.799421826313282,
    1.7838467030689633,
    1.7817037352200211,
    1.7545994910700569,
    1.7696693580726097,
    1.7732159084287182,
    1.7435325137500106,
    1.7477875187479217,
    1.7207478346495793,
    1.7182838670138656,
    1.718934182463021,
    1.714988922250682
  ]
}