{
  "times": [
    17,
    34,
    53,
    68,
    87,
    104,
    123,
    140
  ],
  "epochs": [
    3,
    5,
    8,
    10,
    13,
    15,
    18,
    20
  ],
  "batches": [
    20,
    40,
    60,
    80,
    100,
    120,
    140,
    160
  ],
  "train_errs": [
    15.111586547077474,
    5.316229140213931,
    4.870291678759556,
    4.883723489395412,
    4.840769188507242,
    4.853547516664613,
    4.839903324653208,
    4.858210551070517
  ],
  "train_errs_ra": [
    15.111586547077474,
    10.213907843645703,
    8.43270245535032,
    7.545457713861593,
    7.004520008790723,
    6.646024593436372,
    6.388007269324491,
    6.1967826795427445
  ],
  "valid_errs": [
    6.391155293817573,
    4.805925503442436,
    4.9689138056304225,
    4.761071740166813,
    4.88834268542361,
    4.665147728717478,
    4.887122640498389,
    4.6434452380051
  ]
}