{
  "times": [
    802,
    1830,
    2619,
    3646,
    4439,
    5464,
    6251,
    7282,
    8063
  ],
  "epochs": [
    1,
    2,
    2,
    3,
    3,
    4,
    4,
    5,
    5
  ],
  "batches": [
    500,
    1000,
    1500,
    2000,
    2500,
    3000,
    3500,
    4000,
    4500
  ],
  "train_errs": [
    5.851856443587535,
    3.203325671021407,
    2.3702835694433224,
    1.9725334663646574,
    1.8386748876742185,
    1.7764742611424862,
    1.7283341419294191,
    1.7111050678710635,
    1.6693795837112375
  ],
  "valid_errs": [
    3.8007028708591464,
    2.900224684383983,
    2.0947969638990194,
    1.9001494848017977,
    1.8257093147815795,
    1.8083448267434132,
    1.8022581440312382,
    1.8787117459019846,
    1.8003624833202811
  ],
  "batches_per_epoch": 900
}