{
  "times": [
    802,
    1830,
    2619,
    3646,
    4439,
    5464,
    6251,
    7282,
    8063,
    9097,
    10100,
    10865,
    11859,
    12622,
    13616,
    14378,
    15373,
    16131
  ],
  "epochs": [
    1,
    2,
    2,
    3,
    3,
    4,
    4,
    5,
    5,
    6,
    7,
    7,
    8,
    8,
    9,
    9,
    10,
    10
  ],
  "batches": [
    500,
    1000,
    1500,
    2000,
    2500,
    3000,
    3500,
    4000,
    4500,
    5000,
    5500,
    6000,
    6500,
    7000,
    7500,
    8000,
    8500,
    9000
  ],
  "train_errs": [
    5.851856443587535,
    3.203325671021407,
    2.3702835694433224,
    1.9725334663646574,
    1.8386748876742185,
    1.7764742611424862,
    1.7283341419294191,
    1.7111050678710635,
    1.6693795837112375,
    1.6738942724178496,
    1.6450039976133763,
    1.6391393833715446,
    1.6280954833938253,
    1.6177634622597221,
    1.6138867294378785,
    1.598604122001317,
    1.607091758535868,
    1.5812790289970868
  ],
  "valid_errs": [
    3.8007028708591464,
    2.900224684383983,
    2.0947969638990194,
    1.9001494848017977,
    1.8257093147815795,
    1.8083448267434132,
    1.8022581440312382,
    1.8787117459019846,
    1.8003624833202811,
    2.065612420415564,
    1.7472308958088179,
    1.924946289948239,
    1.7766041016805305,
    1.7809487970596003,
    1.7982644643826662,
    1.7646632456212747,
    1.7478134298543841,
    1.7730676895040722
  ],
  "batches_per_epoch": 900
}