{
  "times": [
    7,
    15,
    24,
    32,
    40,
    48,
    56,
    64,
    73,
    81,
    88,
    97,
    105,
    112
  ],
  "epochs": [
    1,
    1,
    2,
    2,
    2,
    3,
    3,
    3,
    4,
    4,
    4,
    5,
    5,
    5
  ],
  "batches": [
    320,
    640,
    960,
    1280,
    1600,
    1920,
    2240,
    2560,
    2880,
    3200,
    3520,
    3840,
    4160,
    4480
  ],
  "train_errs": [
    15.540918530523777,
    9.602471195161343,
    9.233035460114479,
    9.099090334773063,
    9.083046191930771,
    8.35310389995575,
    7.606592924892903,
    6.50253367125988,
    6.569886639714241,
    5.482726060599089,
    4.013108576834202,
    3.7552499823272227,
    3.536745172739029,
    3.357017147541046
  ],
  "train_errs_ra": [
    15.540918530523777,
    12.571694862842559,
    11.458808395266532,
    10.868878880143164,
    10.511712342500687,
    10.151944268743199,
    9.788322648193155,
    9.377599026076496,
    9.065630983147356,
    8.707340490892529,
    8.280592135069044,
    7.903480289007225,
    7.567577587755826,
    7.2668232705976274
  ],
  "valid_errs": [
    11.106604874863,
    9.571019565920801,
    7.296034778386831,
    10.418320827179098,
    8.791743299137952,
    8.97083837420038,
    6.116245250785639,
    5.221013051209759,
    5.2121732041319175,
    4.250042376304428,
    5.327478135779719,
    3.0917608066575584,
    3.0892378818880393,
    3.0783599655842773
  ]
}