{
  "times": [
    762,
    1765,
    2768,
    3764,
    4760,
    5526,
    6526,
    7525,
    8523,
    9516,
    10513,
    11272
  ],
  "epochs": [
    1,
    2,
    3,
    4,
    5,
    5,
    6,
    7,
    8,
    9,
    10,
    10
  ],
  "batches": [
    500,
    1000,
    1500,
    2000,
    2500,
    3000,
    3500,
    4000,
    4500,
    5000,
    5500,
    6000
  ],
  "train_errs": [
    6.680320926287222,
    3.1336183457448175,
    2.1569107073752716,
    1.899630769820339,
    1.792004221938721,
    1.731389929325983,
    1.700829996728001,
    1.672324197394702,
    1.6509325653237599,
    1.6332668163079713,
    1.6181684435663224,
    1.604000165727255
  ],
  "valid_errs": [
    4.10128551966757,
    2.4742116013530673,
    2.009295643697234,
    1.8643979953338061,
    1.8236873190549518,
    1.7979736528989294,
    1.7934845006922673,
    1.8000138985645535,
    1.8023218489848576,
    1.788235159371394,
    1.8024155348140887,
    1.7972094135932901
  ],
  "batches_per_epoch": 600
}