{
  "times": [
    762,
    1765,
    2768,
    3764,
    4760,
    5526
  ],
  "epochs": [
    1,
    2,
    3,
    4,
    5,
    5
  ],
  "batches": [
    500,
    1000,
    1500,
    2000,
    2500,
    3000
  ],
  "train_errs": [
    6.680320926287222,
    3.1336183457448175,
    2.1569107073752716,
    1.899630769820339,
    1.792004221938721,
    1.731389929325983
  ],
  "valid_errs": [
    4.10128551966757,
    2.4742116013530673,
    2.009295643697234,
    1.8643979953338061,
    1.8236873190549518,
    1.7979736528989294
  ],
  "batches_per_epoch": 600
}