{
  "times": [
    339,
    677,
    1015,
    1353,
    1690,
    2026,
    2362,
    2698,
    3035,
    3372,
    3710,
    4048,
    4386,
    4723,
    5061,
    5399,
    5737,
    6063,
    6715,
    7225,
    7679,
    8101,
    8524,
    8978,
    9466,
    9981,
    10506,
    10986,
    11425,
    11842,
    12275,
    12755,
    13268,
    13788,
    14174,
    14511,
    14998,
    15347,
    15696,
    16046,
    16395,
    16740,
    17085,
    17430,
    17775,
    18123,
    18470,
    18816,
    19164,
    19510,
    19857,
    20203,
    20551,
    20886
  ],
  "epochs": [
    1,
    1,
    1,
    1,
    1,
    1,
    1,
    1,
    1,
    1,
    1,
    1,
    1,
    1,
    1,
    1,
    1,
    1,
    2,
    2,
    2,
    2,
    2,
    2,
    2,
    2,
    2,
    2,
    2,
    2,
    2,
    2,
    2,
    2,
    2,
    2,
    3,
    3,
    3,
    3,
    3,
    3,
    3,
    3,
    3,
    3,
    3,
    3,
    3,
    3,
    3,
    3,
    3,
    3
  ],
  "batches": [
    500,
    1000,
    1500,
    2000,
    2500,
    3000,
    3500,
    4000,
    4500,
    5000,
    5500,
    6000,
    6500,
    7000,
    7500,
    8000,
    8500,
    9000,
    9500,
    10000,
    10500,
    11000,
    11500,
    12000,
    12500,
    13000,
    13500,
    14000,
    14500,
    15000,
    15500,
    16000,
    16500,
    17000,
    17500,
    18000,
    18500,
    19000,
    19500,
    20000,
    20500,
    21000,
    21500,
    22000,
    22500,
    23000,
    23500,
    24000,
    24500,
    25000,
    25500,
    26000,
    26500,
    27000
  ],
  "train_errs": [
    3.0568911209106444,
    2.8708439984321594,
    2.7709249453544618,
    2.6624007511138914,
    2.534908399581909,
    2.457872284889221,
    2.40543429517746,
    2.361284777641296,
    2.2854341335296633,
    2.093513524770737,
    1.8071462197303771,
    1.458288866996765,
    1.2212817966938019,
    1.1208065841197967,
    1.0863218107223511,
    1.0521115525960922,
    1.0455031088590623,
    1.0213710958957671,
    1.0273233348131179,
    1.009803262233734,
    1.0142953575849534,
    1.0025476528406143,
    1.0030487372875214,
    0.9967834613323212,
    0.9876941912174225,
    0.9808827517032623,
    0.983853190779686,
    0.9764123513698578,
    0.9821091855764389,
    0.9785660573244095,
    0.9831852761507034,
    0.9778407677412033,
    0.9812156723737717,
    0.9719796758890152,
    0.980208038687706,
    0.9649993778467179,
    0.9747556045055389,
    0.9642849766016006,
    0.9735654205083847,
    0.9660619151592255,
    0.9699707802534103,
    0.9667828850746155,
    0.9598228302001953,
    0.9552007455825806,
    0.9600374772548675,
    0.9541592072248459,
    0.9613501709699631,
    0.959142958521843,
    0.9649274805784226,
    0.9610722931623459,
    0.9644524561166763,
    0.9569932208061218,
    0.9660119197368622,
    0.9515063613653183
  ],
  "train_errs_ra": [
    3.0568911209106444,
    2.963867559671402,
    2.8995533548990884,
    2.840265203952789,
    2.7791938430786134,
    2.7256402500470482,
    2.6798965422085357,
    2.6400700716376306,
    2.600666078514523,
    2.549950823140144,
    2.4824231319210743,
    2.3970786098440486,
    2.3066327011401833,
    2.221930835638727,
    2.146223567310969,
    2.0778415663912893,
    2.0171157747717468,
    1.9617966259453035,
    1.9126138211488726,
    1.8674732932031155,
    1.8268457724593934,
    1.7893776761130853,
    1.755189461381539,
    1.7235892113794884,
    1.6941534105730058,
    1.6667199236934003,
    1.6414285632151144,
    1.617677984220641,
    1.5957618187501512,
    1.5751886267026267,
    1.5560917444267581,
    1.5380214014053346,
    1.5211485005255903,
    1.5049964762715733,
    1.490002520912034,
    1.4754191002713308,
    1.4618876544398232,
    1.448792847128291,
    1.4366075284970112,
    1.4248438881635666,
    1.4137494221169773,
    1.4031073617112066,
    1.3927984191179272,
    1.3828530174466693,
    1.373457116553518,
    1.3643419446115905,
    1.3557676515553856,
    1.3475046371171866,
    1.339696940044967,
    1.3321244471073146,
    1.324915192382008,
    1.3178397698517026,
    1.311201508528781,
    1.3045404872850133
  ],
  "valid_errs": [
    3.011995234489441,
    2.9391573681831358,
    2.8548316044807436,
    2.775804862976074,
    2.6319020371437074,
    2.5728839635849,
    2.51440127325058,
    2.4764842495918273,
    2.2857777466773985,
    2.0697404561042787,
    1.7336702375411988,
    1.4044850091934205,
    1.1791863436698913,
    1.108350526213646,
    1.067119737267494,
    1.052280233860016,
    1.0283908321857453,
    1.0161809468269347,
    1.0337337156534194,
    1.0378848757743835,
    1.0423133616447449,
    1.0449960821866988,
    1.0449730595350266,
    1.0460586149692535,
    1.0468160512447358,
    1.0416957045793533,
    1.0390954710245133,
    1.0379482167959213,
    1.0382316493988037,
    1.0355775104761125,
    0.9915503429174424,
    0.9746732895374298,
    0.9702919107675553,
    0.9724594941139221,
    0.9614496415853501,
    0.958861890554428,
    0.9812843209505081,
    0.9888102816343307,
    1.000492372751236,
    1.0033620834350585,
    1.0066780762672425,
    1.0100903222560882,
    1.0134401315450667,
    1.011945344686508,
    1.0114623798131943,
    1.0104785299301147,
    1.0123416999578476,
    1.0115482009649277,
    0.9728271658420563,
    0.9558001363277435,
    0.951938767671585,
    0.9557468608617783,
    0.9461632845401764,
    0.9459519253969193
  ]
}