{
  "times": [
    339,
    677,
    1015,
    1353,
    1690,
    2026,
    2362,
    2698,
    3035,
    3372,
    3710,
    4048,
    4386,
    4723,
    5061,
    5399,
    5737,
    6063
  ],
  "epochs": [
    1,
    1,
    1,
    1,
    1,
    1,
    1,
    1,
    1,
    1,
    1,
    1,
    1,
    1,
    1,
    1,
    1,
    1
  ],
  "batches": [
    500,
    1000,
    1500,
    2000,
    2500,
    3000,
    3500,
    4000,
    4500,
    5000,
    5500,
    6000,
    6500,
    7000,
    7500,
    8000,
    8500,
    9000
  ],
  "train_errs": [
    3.0568911209106444,
    2.8708439984321594,
    2.7709249453544618,
    2.6624007511138914,
    2.534908399581909,
    2.457872284889221,
    2.40543429517746,
    2.361284777641296,
    2.2854341335296633,
    2.093513524770737,
    1.8071462197303771,
    1.458288866996765,
    1.2212817966938019,
    1.1208065841197967,
    1.0863218107223511,
    1.0521115525960922,
    1.0455031088590623,
    1.0213710958957671
  ],
  "train_errs_ra": [
    3.0568911209106444,
    2.963867559671402,
    2.8995533548990884,
    2.840265203952789,
    2.7791938430786134,
    2.7256402500470482,
    2.6798965422085357,
    2.6400700716376306,
    2.600666078514523,
    2.549950823140144,
    2.4824231319210743,
    2.3970786098440486,
    2.3066327011401833,
    2.221930835638727,
    2.146223567310969,
    2.0778415663912893,
    2.0171157747717468,
    1.9617966259453035
  ],
  "valid_errs": [
    3.011995234489441,
    2.9391573681831358,
    2.8548316044807436,
    2.775804862976074,
    2.6319020371437074,
    2.5728839635849,
    2.51440127325058,
    2.4764842495918273,
    2.2857777466773985,
    2.0697404561042787,
    1.7336702375411988,
    1.4044850091934205,
    1.1791863436698913,
    1.108350526213646,
    1.067119737267494,
    1.052280233860016,
    1.0283908321857453,
    1.0161809468269347
  ]
}