{
  "times": [
    5,
    14,
    24,
    30,
    39,
    48,
    54,
    62,
    70,
    76,
    85,
    94,
    99,
    107,
    115,
    124,
    129,
    137,
    144,
    149,
    157,
    165,
    170,
    177,
    186,
    191,
    199,
    207,
    212
  ],
  "epochs": [
    1,
    2,
    3,
    3,
    4,
    5,
    5,
    6,
    7,
    7,
    8,
    9,
    9,
    10,
    11,
    12,
    12,
    13,
    14,
    14,
    15,
    16,
    16,
    17,
    18,
    18,
    19,
    20,
    20
  ],
  "batches": [
    20,
    40,
    60,
    80,
    100,
    120,
    140,
    160,
    180,
    200,
    220,
    240,
    260,
    280,
    300,
    320,
    340,
    360,
    380,
    400,
    420,
    440,
    460,
    480,
    500,
    520,
    540,
    560,
    580
  ],
  "train_errs": [
    21.175508834461457,
    9.748166898112377,
    6.897585692110722,
    6.0482875165767025,
    5.755258557332835,
    5.779544175866378,
    5.747937204290809,
    5.62416985520086,
    5.772921347559096,
    5.5909233386180865,
    5.532890819979087,
    5.703245758241068,
    5.691932636277723,
    5.728660924428948,
    5.641452856139219,
    5.852018542051485,
    5.752693074931648,
    5.681808585164178,
    5.6586955787407485,
    5.712794716568395,
    5.611099638088443,
    5.764441519380859,
    5.845587852761746,
    5.631464344552819,
    5.633457417097139,
    5.7328222682440195,
    5.775522069205443,
    5.616724915425923,
    5.853169965899009
  ],
  "train_errs_ra": [
    21.175508834461457,
    15.461837866286917,
    12.607087141561518,
    10.967387235315313,
    9.924961499718817,
    9.234058612410077,
    8.736041268393038,
    8.347057341744016,
    8.061042231279025,
    7.814030342012932,
    7.606654021828036,
    7.448036666529122,
    7.312951741125168,
    7.199788111361153,
    7.095899094346358,
    7.018156559827928,
    6.9437175313046176,
    6.87361147874126,
    6.80966853663597,
    6.754824845632591,
    6.700361740511441,
    6.657819912278233,
    6.6225054749079515,
    6.581212094476488,
    6.543301907381314,
    6.512129613568341,
    6.484847852666011,
    6.453843462050294,
    6.433130582872663
  ],
  "valid_errs": [
    14.04656584227738,
    7.645093616311754,
    6.146322802774006,
    6.020125615045847,
    5.346922591284046,
    5.447691352821727,
    5.803899073930098,
    5.858848400447484,
    5.4070190677513965,
    5.42525487941648,
    5.605559400794996,
    5.571811710847484,
    5.882804275371779,
    5.665060910265616,
    5.156961041282924,
    5.725059080176987,
    6.004410432992433,
    5.320941340587545,
    5.498525529594872,
    5.851902799927795,
    5.825471909030652,
    5.855825542773581,
    5.651625107097553,
    5.533209762419913,
    5.752051810944147,
    5.6976296393491666,
    5.93310511566234,
    5.895779678556634,
    5.773888484796573
  ]
}