{
  "times": [
    7,
    15,
    23,
    31,
    39,
    48,
    56,
    64,
    72,
    80,
    88,
    96,
    104,
    112
  ],
  "epochs": [
    1,
    1,
    2,
    2,
    2,
    3,
    3,
    3,
    4,
    4,
    4,
    5,
    5,
    5
  ],
  "batches": [
    320,
    640,
    960,
    1280,
    1600,
    1920,
    2240,
    2560,
    2880,
    3200,
    3520,
    3840,
    4160,
    4480
  ],
  "train_errs": [
    22.527928441762924,
    8.986824145913124,
    9.202686285972595,
    8.630075797438622,
    7.865000712871551,
    7.909372636675835,
    7.210619714856148,
    6.317550230026245,
    5.884983883798123,
    5.076295172423125,
    4.863048395514488,
    3.7646231837570667,
    3.49356502443552,
    11.392013208568097
  ],
  "train_errs_ra": [
    22.527928441762924,
    15.757376293838025,
    13.572479624549548,
    12.336878667771817,
    11.442503076791764,
    10.853648003439108,
    10.3332153907844,
    9.83125724568963,
    9.392782427701682,
    8.961133702173827,
    8.588580492477524,
    8.186584050084152,
    7.825582586572719,
    8.08032763100096
  ],
  "valid_errs": [
    10.804665319670626,
    9.663298358959103,
    9.648924050341583,
    7.897321475415665,
    7.325522567830365,
    6.789970730494167,
    5.21659919706472,
    5.5383456165269465,
    5.304431250043781,
    4.736941519707638,
    3.4518613588028697,
    3.617808741288112,
    3.3160123345843675,
    13.683206423056392
  ]
}