{
  "times": [
    4,
    8,
    12,
    16,
    21,
    25,
    30,
    34,
    39,
    43,
    47,
    51,
    55,
    59
  ],
  "epochs": [
    1,
    1,
    2,
    2,
    2,
    3,
    3,
    3,
    4,
    4,
    4,
    5,
    5,
    5
  ],
  "batches": [
    160,
    320,
    480,
    640,
    800,
    960,
    1120,
    1280,
    1440,
    1600,
    1760,
    1920,
    2080,
    2240
  ],
  "train_errs": [
    5.362863838672638,
    3.4529293701052666,
    3.443995639681816,
    3.4919996172189713,
    3.3861231073737144,
    3.4473639518022536,
    3.406996728479862,
    3.5563100457191466,
    3.6550677537918093,
    3.34535648971796,
    3.4512012034654616,
    3.345360553264618,
    3.309557317197323,
    3.2641782760620117
  ],
  "train_errs_ra": [
    5.362863838672638,
    4.407896604388952,
    4.086596282819906,
    3.9379471164196724,
    3.8275823146104813,
    3.7642125874757766,
    3.7131817504763602,
    3.693572787381709,
    3.689294450316164,
    3.654900654256344,
    3.6363825223662634,
    3.6121306916077924,
    3.5888558166531412,
    3.565664563753775
  ],
  "valid_errs": [
    3.3409458474703215,
    3.4336899580645985,
    3.572104935288691,
    4.243268453502925,
    3.454928732845394,
    3.311731621179135,
    3.4132287232395098,
    6.487892670031811,
    3.300944099608691,
    3.427697891499713,
    3.2837701420979877,
    3.3215413994458673,
    3.2850347519967578,
    3.2034315311561077
  ]
}