{
  "times": [
    2,
    4,
    7,
    9,
    12,
    14,
    17,
    19,
    22,
    24,
    27,
    29,
    32,
    34,
    37,
    39,
    42,
    44,
    47,
    49,
    52,
    54,
    57,
    59,
    61,
    64,
    66,
    69,
    71,
    74,
    76,
    79,
    81,
    84,
    86,
    89,
    91,
    94,
    96,
    99,
    101
  ],
  "epochs": [
    1,
    1,
    2,
    2,
    3,
    3,
    4,
    4,
    5,
    5,
    6,
    6,
    7,
    7,
    8,
    8,
    9,
    9,
    10,
    10,
    11,
    11,
    12,
    12,
    12,
    13,
    13,
    14,
    14,
    15,
    15,
    16,
    16,
    17,
    17,
    18,
    18,
    19,
    19,
    20,
    20
  ],
  "batches": [
    100,
    200,
    300,
    400,
    500,
    600,
    700,
    800,
    900,
    1000,
    1100,
    1200,
    1300,
    1400,
    1500,
    1600,
    1700,
    1800,
    1900,
    2000,
    2100,
    2200,
    2300,
    2400,
    2500,
    2600,
    2700,
    2800,
    2900,
    3000,
    3100,
    3200,
    3300,
    3400,
    3500,
    3600,
    3700,
    3800,
    3900,
    4000,
    4100
  ],
  "train_errs": [
    3.890154435634613,
    3.284305214881897,
    3.1553261995315554,
    3.1462899589538575,
    3.1303600668907166,
    3.1353204655647278,
    3.1302564191818236,
    3.123752336502075,
    3.1286615109443665,
    3.114713475704193,
    3.1265980577468873,
    3.1150058698654175,
    3.122016167640686,
    3.1099375462532044,
    3.1073593735694884,
    3.1051157546043395,
    3.097125346660614,
    3.096263825893402,
    3.0869117379188538,
    3.0759196949005125,
    3.066445202827454,
    3.0449142122268675,
    3.031640145778656,
    3.0020427250862123,
    2.977113788127899,
    2.940161075592041,
    2.908057088851929,
    2.8740502643585204,
    2.8308609747886657,
    2.8139913058280945,
    2.759437198638916,
    2.752476453781128,
    2.7006412982940673,
    2.702222113609314,
    2.6651562738418577,
    2.6577238845825195,
    2.625129265785217,
    2.607965018749237,
    2.5951775670051576,
    2.564852297306061,
    2.5650220680236817
  ],
  "train_errs_ra": [
    3.890154435634613,
    3.5872298252582553,
    3.443261950016022,
    3.3690189522504808,
    3.321287175178528,
    3.290292723576228,
    3.267430394377027,
    3.2494706371426583,
    3.2360474008984035,
    3.2239140083789826,
    3.215067103776065,
    3.206728667616844,
    3.200212321464832,
    3.1937641232354306,
    3.1880038065910346,
    3.1828233033418663,
    3.1777822470664985,
    3.173253445890215,
    3.1687091454706695,
    3.1640696729421616,
    3.1594208886509847,
    3.1542160397226158,
    3.1488866530294004,
    3.1427681560317677,
    3.1361419813156126,
    3.1286042541723984,
    3.1204358406420103,
    3.111636355774743,
    3.1019544460855677,
    3.092355674743652,
    3.081616369062854,
    3.0713307467103,
    3.0600977331219292,
    3.0495719796068523,
    3.0385886737278525,
    3.028009096251593,
    3.017120452184934,
    3.0063532039366265,
    2.9958102388871017,
    2.985036290347576,
    2.9747920410226025
  ],
  "valid_errs": [
    3.49559328062781,
    3.2312396394795386,
    3.2007609359149276,
    3.189282614609291,
    3.19037872758405,
    3.1841633032108176,
    3.181953623377044,
    3.1803428140179864,
    3.1790152870375534,
    3.1798714358231117,
    3.1806544312115372,
    3.172035550249034,
    3.167373233828051,
    3.1653123888476142,
    3.1608095169067383,
    3.1574454677516015,
    3.1739278374047113,
    3.1472552685902038,
    3.1326360579194694,
    3.1229077865337502,
    3.126785578398869,
    3.088385347662301,
    3.070784363253363,
    3.036531086625724,
    3.001299812875945,
    2.999202711828824,
    2.9257183239377778,
    2.895929213227897,
    2.8550542181935805,
    2.820459682365944,
    2.7952852454678765,
    2.766235405001147,
    2.7404619701977433,
    2.719216720811252,
    2.701892610253959,
    2.6741602133060325,
    2.684758683730816,
    2.636495096930142,
    2.628789811298765,
    2.690937243658921,
    2.5768710457045456
  ]
}