{
  "cwd": "/afs/inf.ed.ac.uk/user/s14/s1449692/studies/fyp/project/char-rnn-experiments",
  "0": {
    "train_loss": 1.4488074364590333,
    "valid_loss": 1.4893274991294694
  },
  "best": {
    "valid_loss": 1.4263275262453288,
    "index": 2,
    "hyperparams": {
      "adapt": true,
      "delta": 0.01,
      "n": 7
    }
  },
  "1": {
    "train_loss": 1.4468110531339842,
    "valid_loss": 1.501545612112131
  },
  "2": {
    "train_loss": 1.3363148123003776,
    "valid_loss": 1.4263275262453288
  },
  "3": {
    "train_loss": 1.3332245251626933,
    "valid_loss": 1.442162956126587
  },
  "4": {
    "train_loss": 1.2583773491529118,
    "valid_loss": 1.4383361159695296
  },
  "5": {
    "train_loss": 1.254276875085144,
    "valid_loss": 1.4586899435388292
  },
  "6": {
    "train_loss": 1.2000388199238596,
    "valid_loss": 1.523551275320012
  },
  "7": {
    "train_loss": 1.1955489942019624,
    "valid_loss": 1.549517544334377
  },
  "8": {
    "train_loss": 1.1608684168291055,
    "valid_loss": 1.686520657663154
  },
  "9": {
    "train_loss": 1.157104753508519,
    "valid_loss": 1.7191262270018313
  },
  "10": {
    "train_loss": 1.1403693826799837,
    "valid_loss": 1.922437690592165
  },
  "11": {
    "train_loss": 1.138284592132859,
    "valid_loss": 1.9619906085630652
  },
  "12": {
    "train_loss": 1.1374135528930314,
    "valid_loss": 2.2209315365021256
  },
  "13": {
    "train_loss": 1.1374306612714573,
    "valid_loss": 2.2674716848669516
  },
  "14": {
    "train_loss": 1.1489231746750432,
    "valid_loss": 2.568052807133071
  },
  "15": {
    "train_loss": 1.151299240017773,
    "valid_loss": 2.6208182339780888
  },
  "16": {
    "train_loss": 1.1718455813196567,
    "valid_loss": 2.9479110180203354
  },
  "17": {
    "train_loss": 1.1765722788955992,
    "valid_loss": 3.0059449661565805
  },
  "18": {
    "train_loss": 1.2021695457018482,
    "valid_loss": 3.3439756465161725
  },
  "19": {
    "train_loss": 1.2089015986490825,
    "valid_loss": 3.4062462781508556
  },
  "experiment_duration_min": 180.19965479771295
}