{
  "times": [
    14,
    29,
    45,
    59,
    74,
    89,
    103,
    118,
    133,
    148,
    163,
    178,
    193,
    208
  ],
  "epochs": [
    1,
    1,
    2,
    2,
    2,
    3,
    3,
    3,
    4,
    4,
    4,
    5,
    5,
    5
  ],
  "batches": [
    640,
    1280,
    1920,
    2560,
    3200,
    3840,
    4480,
    5120,
    5760,
    6400,
    7040,
    7680,
    8320,
    8960
  ],
  "train_errs": [
    2.4023651404306294,
    2.2525887947529553,
    2.2353286020457745,
    2.217899912968278,
    2.199481289461255,
    2.2009823970496654,
    2.2040146896615624,
    2.1852608364075423,
    2.197369907423854,
    2.1960365826264026,
    2.187106522358954,
    2.191856640577316,
    2.1895063024014236,
    2.1863974001258613
  ],
  "train_errs_ra": [
    2.4023651404306294,
    2.3274769675917923,
    2.2967608457431195,
    2.277045612549409,
    2.2615327479317786,
    2.2514410227847597,
    2.2446658323385886,
    2.237240207847208,
    2.232810174466835,
    2.229132815282792,
    2.225312243198806,
    2.222524276313682,
    2.2199844321665854,
    2.2175853584493908
  ],
  "valid_errs": [
    2.2681553653132096,
    2.2586721399803076,
    2.224261953599702,
    2.235429831454282,
    2.199003846341071,
    2.2378220292758555,
    2.2224809037140076,
    2.204951353153864,
    2.226992449666236,
    2.196970324413124,
    2.212823805595199,
    2.219861436989211,
    2.1933005262819267,
    2.2125879513054816
  ]
}