{
  "times": [
    14,
    29,
    44,
    58,
    73,
    87,
    102,
    116,
    131,
    146,
    160,
    175,
    190,
    204
  ],
  "epochs": [
    1,
    1,
    2,
    2,
    2,
    3,
    3,
    3,
    4,
    4,
    4,
    5,
    5,
    5
  ],
  "batches": [
    640,
    1280,
    1920,
    2560,
    3200,
    3840,
    4480,
    5120,
    5760,
    6400,
    7040,
    7680,
    8320,
    8960
  ],
  "train_errs": [
    2.7837320055812595,
    2.2920649919658898,
    2.230118117853999,
    2.1928378304466607,
    2.172951666638255,
    2.1699517998844384,
    2.1660735733807086,
    2.15196874961257,
    2.1526784425601364,
    2.1487804390490055,
    2.1460049325600266,
    2.148025169596076,
    2.143025608547032,
    2.151550545543432
  ],
  "train_errs_ra": [
    2.7837320055812595,
    2.5378984987735747,
    2.435305038467049,
    2.374688236461952,
    2.334340922497213,
    2.3069427353950838,
    2.28681856939303,
    2.2699623419204724,
    2.256930797547102,
    2.2461157616972924,
    2.237014777230268,
    2.229598976594085,
    2.2229394867443117,
    2.2178402766585346
  ],
  "valid_errs": [
    2.408864876512974,
    2.2653140298772207,
    2.255863743465348,
    2.1903590367258285,
    2.1679060542123674,
    2.189625966582563,
    2.2051857912118025,
    2.1651627012613464,
    2.201612489505336,
    2.179224951209675,
    2.166413832024819,
    2.171891969586286,
    2.17268425904684,
    2.189470809019632
  ]
}