{
  "times": [
    290,
    581,
    872,
    1163,
    1454,
    1745,
    2036,
    2327,
    2617,
    2908,
    3199,
    3490,
    3780,
    4071,
    4362,
    4652,
    4943,
    5233
  ],
  "epochs": [
    1,
    1,
    1,
    1,
    1,
    1,
    1,
    1,
    1,
    1,
    1,
    1,
    1,
    1,
    1,
    1,
    1,
    1
  ],
  "batches": [
    500,
    1000,
    1500,
    2000,
    2500,
    3000,
    3500,
    4000,
    4500,
    5000,
    5500,
    6000,
    6500,
    7000,
    7500,
    8000,
    8500,
    9000
  ],
  "train_errs": [
    2.9739871559143065,
    2.756000077724457,
    2.6925165205001833,
    2.64746799659729,
    2.629483880996704,
    2.5955114769935608,
    2.539645917892456,
    2.5226776976585388,
    2.5038143191337587,
    2.4907208437919617,
    2.4695073618888856,
    2.3563255553245543,
    2.1010031752586364,
    1.6695864188671112,
    1.412150780439377,
    1.3050989809036255,
    1.2912275145053864,
    1.2841106169223786
  ],
  "train_errs_ra": [
    2.9739871559143065,
    2.8649936168193815,
    2.807501251379649,
    2.767492937684059,
    2.739891126346588,
    2.715827851454417,
    2.6906590038027085,
    2.669661340534687,
    2.651233893712362,
    2.6351825887203217,
    2.6201212044629187,
    2.5981382337013885,
    2.5598970753596384,
    2.496303457038744,
    2.4240266119321197,
    2.3540936349928385,
    2.291572098493577,
    2.2356020161840657
  ],
  "valid_errs": [
    2.8248961157798766,
    2.7401141028404234,
    2.687768563747406,
    2.6573793659210203,
    2.6300171370506287,
    2.5793517656326292,
    2.5398042778968812,
    2.5034649209976196,
    2.50809640789032,
    2.4777370071411133,
    2.3902011556625364,
    2.2296005511283874,
    1.8751156075000763,
    1.5542166402339936,
    1.4325050308704377,
    1.3621291465759278,
    1.3156762690544128,
    1.3062960803508759
  ]
}