{
  "times": [
    290,
    581,
    872,
    1163,
    1454,
    1745,
    2036,
    2327,
    2617,
    2908,
    3199,
    3490,
    3780,
    4071,
    4362,
    4652,
    4943,
    5233,
    5948,
    6401,
    6849,
    7302,
    7750,
    8203,
    8656,
    9105,
    9559,
    10005,
    10455,
    10901,
    11351,
    11801,
    12246,
    12692,
    13135,
    13501,
    14187,
    14636,
    15081,
    15529,
    16116,
    16694,
    17229,
    17706,
    18214,
    18764,
    19353,
    19937,
    20492,
    20999,
    21499,
    22041,
    22611,
    23077
  ],
  "epochs": [
    1,
    1,
    1,
    1,
    1,
    1,
    1,
    1,
    1,
    1,
    1,
    1,
    1,
    1,
    1,
    1,
    1,
    1,
    2,
    2,
    2,
    2,
    2,
    2,
    2,
    2,
    2,
    2,
    2,
    2,
    2,
    2,
    2,
    2,
    2,
    2,
    3,
    3,
    3,
    3,
    3,
    3,
    3,
    3,
    3,
    3,
    3,
    3,
    3,
    3,
    3,
    3,
    3,
    3
  ],
  "batches": [
    500,
    1000,
    1500,
    2000,
    2500,
    3000,
    3500,
    4000,
    4500,
    5000,
    5500,
    6000,
    6500,
    7000,
    7500,
    8000,
    8500,
    9000,
    9500,
    10000,
    10500,
    11000,
    11500,
    12000,
    12500,
    13000,
    13500,
    14000,
    14500,
    15000,
    15500,
    16000,
    16500,
    17000,
    17500,
    18000,
    18500,
    19000,
    19500,
    20000,
    20500,
    21000,
    21500,
    22000,
    22500,
    23000,
    23500,
    24000,
    24500,
    25000,
    25500,
    26000,
    26500,
    27000
  ],
  "train_errs": [
    2.9739871559143065,
    2.756000077724457,
    2.6925165205001833,
    2.64746799659729,
    2.629483880996704,
    2.5955114769935608,
    2.539645917892456,
    2.5226776976585388,
    2.5038143191337587,
    2.4907208437919617,
    2.4695073618888856,
    2.3563255553245543,
    2.1010031752586364,
    1.6695864188671112,
    1.412150780439377,
    1.3050989809036255,
    1.2912275145053864,
    1.2841106169223786,
    1.2550172877311707,
    1.23593399810791,
    1.2307959001064301,
    1.2159385797977447,
    1.2022333285808564,
    1.2110194919109345,
    1.2010234365463257,
    1.2002066490650176,
    1.194594776391983,
    1.185422907590866,
    1.197906709432602,
    1.1927115211486816,
    1.186087702512741,
    1.1744623463153838,
    1.1382646644115448,
    1.1623289637565613,
    1.1774328508377074,
    1.192875524044037,
    1.1714913547039032,
    1.1669403302669525,
    1.1717702641487122,
    1.1645977294445038,
    1.1571289613246918,
    1.1695197827816008,
    1.163956565618515,
    1.1641573085784913,
    1.1618984978199005,
    1.1550683076381683,
    1.1687803809642792,
    1.1655621585845948,
    1.1606407985687255,
    1.1503566756248473,
    1.1151114883422852,
    1.1406913053989411,
    1.1569149477481842,
    1.1737778403759003
  ],
  "train_errs_ra": [
    2.9739871559143065,
    2.8649936168193815,
    2.807501251379649,
    2.767492937684059,
    2.739891126346588,
    2.715827851454417,
    2.6906590038027085,
    2.669661340534687,
    2.651233893712362,
    2.6351825887203217,
    2.6201212044629187,
    2.5981382337013885,
    2.5598970753596384,
    2.496303457038744,
    2.4240266119321197,
    2.3540936349928385,
    2.291572098493577,
    2.2356020161840657,
    2.183992293633913,
    2.136589378857613,
    2.0934563560599377,
    2.053569184411656,
    2.01655458198423,
    1.9829906198978429,
    1.9517119325637822,
    1.9228078831984452,
    1.8958370273907983,
    1.8704650945408008,
    1.847273426088794,
    1.8254546959241236,
    1.8048299542011759,
    1.785130966454745,
    1.7655289573019208,
    1.747787781021175,
    1.7314919258730759,
    1.7165303591556027,
    1.7017995752515027,
    1.6877243319624358,
    1.6744947404800326,
    1.6617473152041444,
    1.6494395504753772,
    1.638012889339811,
    1.6269883236718738,
    1.6164694369652062,
    1.6063678605397549,
    1.5965570006940684,
    1.5874553704870515,
    1.578665928572417,
    1.5701348034703007,
    1.5617392409133917,
    1.5529818340002328,
    1.5450531699886694,
    1.5377298073048868,
    1.5309899560654612
  ],
  "valid_errs": [
    2.8248961157798766,
    2.7401141028404234,
    2.687768563747406,
    2.6573793659210203,
    2.6300171370506287,
    2.5793517656326292,
    2.5398042778968812,
    2.5034649209976196,
    2.50809640789032,
    2.4777370071411133,
    2.3902011556625364,
    2.2296005511283874,
    1.8751156075000763,
    1.5542166402339936,
    1.4325050308704377,
    1.3621291465759278,
    1.3156762690544128,
    1.3062960803508759,
    1.2458265779018403,
    1.2313867985010147,
    1.2176299865245819,
    1.212507099866867,
    1.2091491256952285,
    1.2066561334133148,
    1.1973123922348023,
    1.1886990702152251,
    1.181833726644516,
    1.1781881223917008,
    1.172837448477745,
    1.1727795156240464,
    1.1715003689527512,
    1.1614634027481079,
    1.1549891687631606,
    1.158835969209671,
    1.1557195863723755,
    1.162105722784996,
    1.1492021691799164,
    1.1479735062122345,
    1.144959617972374,
    1.1459496272802352,
    1.1463483459949493,
    1.1534481766223907,
    1.1469596357345582,
    1.14089230966568,
    1.1419963482618332,
    1.1388519282341003,
    1.1370228148698807,
    1.1401583303213119,
    1.1391180361509323,
    1.132417095065117,
    1.1299426692724228,
    1.1303139365911483,
    1.1342673976421356,
    1.137412181854248
  ]
}