{
  "times": [
    4,
    9,
    13,
    18,
    22,
    27,
    32,
    37,
    41,
    46,
    51,
    55,
    60,
    65,
    70,
    74,
    79,
    83,
    88,
    93,
    97
  ],
  "epochs": [
    1,
    2,
    3,
    4,
    5,
    6,
    7,
    8,
    9,
    10,
    11,
    12,
    13,
    14,
    15,
    16,
    17,
    18,
    19,
    20,
    20
  ],
  "batches": [
    100,
    200,
    300,
    400,
    500,
    600,
    700,
    800,
    900,
    1000,
    1100,
    1200,
    1300,
    1400,
    1500,
    1600,
    1700,
    1800,
    1900,
    2000,
    2100
  ],
  "train_errs": [
    3.2541937851905822,
    3.116045689582825,
    3.049761097431183,
    2.8594406938552854,
    2.662054958343506,
    2.534537765979767,
    2.4234392261505127,
    2.3354533338546752,
    2.265007221698761,
    2.2040941381454466,
    2.1513693964481355,
    2.119756805896759,
    2.060618612766266,
    2.0256658959388734,
    1.9913137459754944,
    1.9600789308547975,
    1.9326514780521393,
    1.8991195571422577,
    1.8732017648220063,
    1.8446247565746308,
    1.8283715999126435
  ],
  "train_errs_ra": [
    3.2541937851905822,
    3.1851197373867035,
    3.140000190734863,
    3.0698603165149687,
    2.988299244880676,
    2.9126723317305245,
    2.842781888076237,
    2.7793658187985417,
    2.722214863565233,
    2.670402791023254,
    2.6232179369709705,
    2.5812628427147857,
    2.5412132865648998,
    2.504388472948755,
    2.4701834911505376,
    2.438301956132054,
    2.4085578103626473,
    2.380255685183737,
    2.3535686367436455,
    2.3281214427351946,
    2.304323831172216
  ],
  "valid_errs": [
    3.184762140800213,
    3.138145561875968,
    2.9915186701149774,
    2.7752386208238273,
    2.5971328307842385,
    2.475417835959073,
    2.407063286879967,
    2.3037610054016113,
    2.274790254132501,
    2.3324811376374344,
    2.199008555247866,
    2.1526939211220575,
    2.089320713076098,
    2.0728325761597732,
    2.0261451458108835,
    2.0227509572588165,
    1.9700229455684792,
    1.9654928569135994,
    1.9490855356742596,
    1.9127788255954612,
    1.8917376337380245
  ]
}