{
  "times": [
    4,
    8,
    12,
    16,
    20,
    25,
    29,
    33,
    38,
    42,
    46,
    51,
    55,
    59
  ],
  "epochs": [
    1,
    1,
    2,
    2,
    2,
    3,
    3,
    3,
    4,
    4,
    4,
    5,
    5,
    5
  ],
  "batches": [
    160,
    320,
    480,
    640,
    800,
    960,
    1120,
    1280,
    1440,
    1600,
    1760,
    1920,
    2080,
    2240
  ],
  "train_errs": [
    2.545728401839733,
    2.2826372265815733,
    2.2485426113009455,
    2.217724271118641,
    2.1854901179671287,
    2.1813975840806963,
    2.167584227770567,
    2.1459820479154588,
    2.1516067326068877,
    2.1407357223331926,
    2.1347929783165456,
    2.1326995596289633,
    2.124729488044977,
    2.1292162269353865
  ],
  "train_errs_ra": [
    2.545728401839733,
    2.414182814210653,
    2.35896941324075,
    2.323658127710223,
    2.296024525761604,
    2.276920035481453,
    2.261300634379898,
    2.246885811071843,
    2.2362992467979588,
    2.2267428943514824,
    2.2183838110755794,
    2.2112434567883614,
    2.2045885361157938,
    2.199204799745765
  ],
  "valid_errs": [
    2.3519748062428056,
    2.28894361959202,
    2.258227436772033,
    2.237500191931068,
    2.2175423924771174,
    2.207180861433908,
    2.188522235769282,
    2.1702580496823014,
    2.174714552193609,
    2.167031501071436,
    2.17473246715554,
    2.16464898383666,
    2.1608940586097267,
    2.1602969449229583
  ]
}