{
  "times": [
    330,
    650,
    1071,
    1393,
    1806,
    2127,
    2445,
    2861,
    3181,
    3610,
    3933,
    4247,
    4665,
    4985,
    5397,
    5719,
    6139,
    6460,
    6778,
    7208,
    7528,
    7956,
    8278,
    8592,
    9024,
    9345
  ],
  "epochs": [
    1,
    1,
    2,
    2,
    3,
    3,
    3,
    4,
    4,
    5,
    5,
    5,
    6,
    6,
    7,
    7,
    8,
    8,
    8,
    9,
    9,
    10,
    10,
    10,
    11,
    11
  ],
  "batches": [
    500,
    1000,
    1500,
    2000,
    2500,
    3000,
    3500,
    4000,
    4500,
    5000,
    5500,
    6000,
    6500,
    7000,
    7500,
    8000,
    8500,
    9000,
    9500,
    10000,
    10500,
    11000,
    11500,
    12000,
    12500,
    13000
  ],
  "train_errs": [
    3.6743332945867198,
    2.2304830111474536,
    1.9675236361665616,
    1.8839685086182087,
    1.8134778801030944,
    1.805304076477943,
    1.7615702927738561,
    1.770477803624643,
    1.7404120600782278,
    1.7298454955402198,
    1.7349866726723988,
    1.6934824496963534,
    1.7330341763388641,
    1.6966232120008842,
    1.7050792384681732,
    1.7024763766697186,
    1.6791933327192077,
    1.7016243092639383,
    1.6720824792185665,
    1.6971001797416891,
    1.6765202235751118,
    1.6742557902689221,
    1.685991051216047,
    1.6497349507198296,
    1.693135255936307,
    1.6595749559751385
  ],
  "valid_errs": [
    2.626121198230399,
    2.0786948534556706,
    1.9504179017020442,
    1.885817024241032,
    1.8565105639762058,
    1.8377498365068363,
    1.8091859680913855,
    1.7696575693476224,
    1.814374154961352,
    1.7984551277890657,
    1.7578743654848463,
    1.7880784840363713,
    1.7704119523275406,
    1.776477842337226,
    1.7754808460114753,
    1.7449361957918494,
    1.7620601841509624,
    1.758031094134491,
    1.7503470030244854,
    1.753061709612345,
    1.7416295326589393,
    1.7553684750721847,
    1.7695058840892144,
    1.7490590387107858,
    1.7430910919608533,
    1.7628149042168761
  ],
  "batches_per_epoch": 1200
}