chars_processed,loss
100,2.5023428577292317
200,4.614357089937539
300,7.673874962182486
400,15.901633947666838
500,68.89735172529562
600,60.15846140213597
700,60.30914021807111
800,41.577183932743644
900,51.91454980608259
1000,92.40158497083809
1100,76.18548115882697
1200,99.74119032521999
1300,92.28268964947138
1400,105.08292193001539
1500,78.66199720989349
1600,61.79288985668507
1700,105.771287305608
1800,86.62860673141809
1900,82.95595877325125
2000,109.25027124166918
2100,105.39489570695811
2200,110.5394080642892
2300,108.2393885895331
2400,98.61480357441998
2500,92.22988299566148
2600,82.01278500282928
2700,142.0107604503473
2800,144.93635649865783
2900,111.53989691052385
3000,105.19249111377724
3100,119.1288974714027
3200,139.88778459431748
3300,91.36750144634226
3400,136.15946488896353
3500,105.87658471549466
3600,112.29442029707812
3700,122.36791800471248
3800,129.30347364811888
3900,87.21857271487097
4000,88.011189845833
4100,105.12892632601836
4200,58.37026064531415
4300,90.3574195454286
4400,54.07467226366533
4500,104.80031893742866
4600,91.74366465203182
4700,78.6269083463616
4800,83.91404797984504
4900,67.79198483167018
5000,75.84830105422931
5100,137.10096341078
5200,131.4466537507998
5300,163.35602531068741
5400,148.0002761292655
5500,140.2602489347384
5600,152.26768687339694
5700,138.01959181727082
5800,152.5665899688741
5900,109.95455918383703
6000,116.42089002055243
6100,152.421624829359
6200,120.31341600922778
6300,128.3764601930887
6400,134.710020423338
6500,116.9815182403183
6600,120.05279927872736
6700,94.07782639780945
6800,113.24954424759879
6900,108.01196203409901
7000,103.05692887942666
7100,100.33112218731496
7200,93.03048892713528
7300,76.86128767332298
7400,102.39376928114453
7500,90.86023407728042
7600,90.95809853458292
7700,87.32835543229214
7800,78.58570845769316
7900,108.45811750076163
8000,89.6539571199849
8100,95.76980657629878
8200,91.00008211379482
8300,71.16459378334744
8400,89.12093417947433
8500,65.95342480295331
8600,81.34433549337881
8700,96.98682845927574
8800,75.02861082712683
8900,84.60626796819491
9000,77.1051188970992
9100,79.73920958046985
9200,57.74026095315178
9300,76.1325336168295
9400,304.4007638890664
9500,201.39727786167168
9600,200.85885604178523
9700,241.7762682968826
9800,232.23150304417118
9900,214.77240549235268
10000,218.14906608011202
