{
  "times": [
    3,
    6,
    9,
    11,
    14,
    17,
    19,
    22,
    24,
    27,
    29,
    32,
    35,
    37,
    40,
    43,
    45,
    48,
    50,
    53,
    56,
    58,
    61,
    64,
    66,
    69,
    71,
    74
  ],
  "epochs": [
    1,
    1,
    2,
    2,
    2,
    3,
    3,
    3,
    4,
    4,
    4,
    5,
    5,
    5,
    6,
    6,
    7,
    7,
    7,
    8,
    8,
    8,
    9,
    9,
    9,
    10,
    10,
    10
  ],
  "batches": [
    80,
    160,
    240,
    320,
    400,
    480,
    560,
    640,
    720,
    800,
    880,
    960,
    1040,
    1120,
    1200,
    1280,
    1360,
    1440,
    1520,
    1600,
    1680,
    1760,
    1840,
    1920,
    2000,
    2080,
    2160,
    2240
  ],
  "train_errs": [
    2.6846193224191666,
    2.3275118499994276,
    2.293031486868858,
    2.2604802429676054,
    2.220703500509262,
    2.2242790818214417,
    2.206804522871971,
    2.1753200113773348,
    2.176176244020462,
    2.1586161673069,
    2.141593125462532,
    2.1451338112354277,
    2.1306495368480682,
    2.127491196990013,
    2.1271200448274614,
    2.1151682853698732,
    2.1183560103178025,
    2.1102759540081024,
    2.1017495304346085,
    2.1068097800016403,
    2.099612534046173,
    2.0928773626685144,
    2.101372244954109,
    2.0927253007888793,
    2.0853871747851374,
    2.094027414917946,
    2.0826486527919768,
    2.086895029246807
  ],
  "train_errs_ra": [
    2.6846193224191666,
    2.506065586209297,
    2.435054219762484,
    2.391410725563764,
    2.3572692805528637,
    2.33510424743096,
    2.3167757153511044,
    2.299093752354383,
    2.2854362514283912,
    2.272754243016242,
    2.260830505056814,
    2.251189113905032,
    2.2419168387468043,
    2.2337435786213193,
    2.2266353430350625,
    2.2196686519309883,
    2.2137090847772716,
    2.2079627997345397,
    2.202372627666122,
    2.1975944852828984,
    2.192928678081149,
    2.1883808910169384,
    2.184597906405511,
    2.180769881171485,
    2.176954572916031,
    2.1737650668391817,
    2.1703903848374333,
    2.167408407852054
  ],
  "valid_errs": [
    2.414704845406935,
    2.3312283718088795,
    2.351143972071483,
    2.2678269728406093,
    2.2430693504390913,
    2.2599298293854457,
    2.2308594478488755,
    2.2244622092069073,
    2.2047872375118653,
    2.1908515609144303,
    2.1800375910304712,
    2.171417426076119,
    2.1696143384337163,
    2.3000161487056605,
    2.170317267280045,
    2.1720935545508935,
    2.1527082318981527,
    2.1653537760710933,
    2.1640915075190277,
    2.1566558791836736,
    2.1482917725684763,
    2.1443799544591893,
    2.1466961601528864,
    2.1317774486152983,
    2.1356810141820897,
    2.1418123299068474,
    2.1476487044295234,
    2.131457449762602
  ]
}