{
  "cwd": "/afs/inf.ed.ac.uk/user/s14/s1449692/studies/fyp/project/char-rnn-experiments",
  "0": {
    "train_loss": 4.36045653250668,
    "valid_loss": 4.364879224633017
  },
  "best": {
    "valid_loss": 1.4263275262453288,
    "index": 12,
    "hyperparams": {
      "adapt": true,
      "delta": 0.01,
      "n": 7
    }
  },
  "1": {
    "train_loss": 4.3604553075682855,
    "valid_loss": 4.365219263860599
  },
  "2": {
    "train_loss": 3.2768828630010978,
    "valid_loss": 3.2807546372753738
  },
  "3": {
    "train_loss": 3.276855619787739,
    "valid_loss": 3.2816764908186173
  },
  "4": {
    "train_loss": 2.6193969288551373,
    "valid_loss": 2.6167512971452265
  },
  "5": {
    "train_loss": 2.619220778834941,
    "valid_loss": 2.6194325324011016
  },
  "6": {
    "train_loss": 2.0233532242811085,
    "valid_loss": 2.0250914425460813
  },
  "7": {
    "train_loss": 2.0227858570886603,
    "valid_loss": 2.0306049337747933
  },
  "8": {
    "train_loss": 1.651783034425138,
    "valid_loss": 1.6659614202495112
  },
  "9": {
    "train_loss": 1.6506067673042892,
    "valid_loss": 1.675110379806362
  },
  "10": {
    "train_loss": 1.4488074364590333,
    "valid_loss": 1.4893274991294694
  },
  "11": {
    "train_loss": 1.4468110531339842,
    "valid_loss": 1.501545612112131
  },
  "12": {
    "train_loss": 1.3363148123003776,
    "valid_loss": 1.4263275262453288
  },
  "13": {
    "train_loss": 1.3332245251626933,
    "valid_loss": 1.442162956126587
  },
  "14": {
    "train_loss": 1.2583773491529118,
    "valid_loss": 1.4383361159695296
  },
  "15": {
    "train_loss": 1.254276875085144,
    "valid_loss": 1.4586899435388292
  },
  "16": {
    "train_loss": 1.2000388199238596,
    "valid_loss": 1.523551275320012
  },
  "17": {
    "train_loss": 1.1955489942019624,
    "valid_loss": 1.549517544334377
  },
  "18": {
    "train_loss": 1.1608684168291055,
    "valid_loss": 1.686520657663154
  },
  "19": {
    "train_loss": 1.157104753508519,
    "valid_loss": 1.7191262270018313
  },
  "experiment_duration_min": 1724.4434488217037
}