{
  "times": [
    7,
    15,
    23,
    31,
    39,
    47,
    55,
    63,
    71,
    79,
    86,
    94,
    102,
    110
  ],
  "epochs": [
    1,
    1,
    2,
    2,
    2,
    3,
    3,
    3,
    4,
    4,
    4,
    5,
    5,
    5
  ],
  "batches": [
    320,
    640,
    960,
    1280,
    1600,
    1920,
    2240,
    2560,
    2880,
    3200,
    3520,
    3840,
    4160,
    4480
  ],
  "train_errs": [
    11.476023189723492,
    7.213678640127182,
    7.463416565954685,
    6.47906062155962,
    5.044542182981968,
    4.8727271750569345,
    3.4911834359169007,
    7.065773218125105,
    5.578395327925682,
    4.239302388578653,
    4.764190154522657,
    4.546834883838892,
    4.545035649091005,
    4.340894497185945
  ],
  "train_errs_ra": [
    11.476023189723492,
    9.344850914925336,
    8.71770613193512,
    8.158044754341246,
    7.53534424006939,
    7.091574729233981,
    6.5772331159029696,
    6.638300628680736,
    6.520533373041285,
    6.292410274595023,
    6.153481172770261,
    6.019593982025981,
    5.90616641795406,
    5.794361280756337
  ],
  "valid_errs": [
    10.516539240227331,
    8.530625711753848,
    8.238679266828248,
    6.128425225825771,
    4.80229241962379,
    3.7967273557249674,
    3.694203297895262,
    5.9340025591379275,
    4.064925514818098,
    5.135080249005255,
    4.372030384378323,
    4.423224010748638,
    4.285228462045788,
    4.558001059953528
  ]
}