{
  "times": [
    2,
    5,
    7,
    10,
    12,
    15,
    18,
    20,
    23,
    25,
    28,
    31,
    33,
    36,
    39,
    41,
    44,
    47,
    49,
    52,
    54,
    57,
    60,
    62,
    65,
    68,
    70,
    73
  ],
  "epochs": [
    1,
    1,
    2,
    2,
    2,
    3,
    3,
    3,
    4,
    4,
    4,
    5,
    5,
    5,
    6,
    6,
    7,
    7,
    7,
    8,
    8,
    8,
    9,
    9,
    9,
    10,
    10,
    10
  ],
  "batches": [
    80,
    160,
    240,
    320,
    400,
    480,
    560,
    640,
    720,
    800,
    880,
    960,
    1040,
    1120,
    1200,
    1280,
    1360,
    1440,
    1520,
    1600,
    1680,
    1760,
    1840,
    1920,
    2000,
    2080,
    2160,
    2240
  ],
  "train_errs": [
    3.2752652734518053,
    2.841759529709816,
    2.832611495256424,
    2.808506092429161,
    2.753052991628647,
    2.742389863729477,
    2.7127399504184724,
    2.661255252361298,
    2.651627150177956,
    2.6122453272342683,
    2.565886598825455,
    2.5579867720603944,
    2.5158678561449053,
    2.4781401097774505,
    2.4625150144100187,
    2.417903009057045,
    2.396835932135582,
    2.365552768111229,
    2.32290395796299,
    2.3236770242452622,
    2.288499814271927,
    2.258606031537056,
    2.260200986266136,
    2.2307228565216066,
    2.2093530774116514,
    2.206189399957657,
    2.1758827209472655,
    2.173946890234947
  ],
  "train_errs_ra": [
    3.2752652734518053,
    3.0585124015808107,
    2.9832120994726816,
    2.9395355977118016,
    2.902239076495171,
    2.8755975410342223,
    2.8523321709462577,
    2.8284475561231375,
    2.8088008443514503,
    2.7891452926397324,
    2.7688490477475254,
    2.7512771914402645,
    2.733168781032929,
    2.7149524473718234,
    2.6981232851743697,
    2.680609517917037,
    2.663916954047539,
    2.647341165939966,
    2.6302655234148618,
    2.614936098456382,
    2.599391513495217,
    2.5839012643153003,
    2.569827339182728,
    2.5556979857385147,
    2.54184418940544,
    2.528934389811295,
    2.51585840207559,
    2.50364727665271
  ],
  "valid_errs": [
    2.8724097211221125,
    2.8376961766682887,
    2.8635092307946346,
    2.7846056929050325,
    2.783127884313058,
    2.78908663470381,
    2.701570761319648,
    2.6746331322114645,
    2.6654864069285833,
    2.6300869889676517,
    2.5849154684826963,
    2.581429483300655,
    2.5137317463984568,
    2.4892709924345593,
    2.467506290341889,
    2.4333555615408065,
    2.413152118355699,
    2.434964121827215,
    2.3516877893745134,
    2.3705398678293643,
    2.3323628093501774,
    2.2997020546939164,
    2.2470040290697346,
    2.256408074314073,
    2.238154845388753,
    2.236915907092736,
    2.2610826004108464,
    2.2121101327359622
  ]
}