{
  "times": [
    5,
    10,
    15,
    19,
    24,
    29,
    34,
    39,
    44,
    49,
    54,
    58,
    63,
    67,
    72,
    76,
    81,
    85,
    90,
    94,
    99
  ],
  "epochs": [
    1,
    2,
    3,
    4,
    5,
    6,
    7,
    8,
    9,
    10,
    11,
    12,
    13,
    14,
    15,
    16,
    17,
    18,
    19,
    20,
    20
  ],
  "batches": [
    100,
    200,
    300,
    400,
    500,
    600,
    700,
    800,
    900,
    1000,
    1100,
    1200,
    1300,
    1400,
    1500,
    1600,
    1700,
    1800,
    1900,
    2000,
    2100
  ],
  "train_errs": [
    3.8693488073349,
    3.2356653451919555,
    3.155655870437622,
    3.139393570423126,
    3.13492374420166,
    3.132148735523224,
    3.1270659804344176,
    3.1255753016471863,
    3.12144989490509,
    3.1221069264411927,
    3.1206227850914003,
    3.117138886451721,
    3.1125164151191713,
    3.105674424171448,
    3.1012279558181763,
    3.0986019802093505,
    3.091623611450195,
    3.0784794306755066,
    3.065708673000336,
    3.047902181148529,
    3.027553975582123
  ],
  "train_errs_ra": [
    3.8693488073349,
    3.552507076263428,
    3.420223340988159,
    3.350015898346901,
    3.306997467517853,
    3.277856012185415,
    3.256314579078129,
    3.239972169399261,
    3.2268030277887974,
    3.216333417654037,
    3.2076324510574334,
    3.2000913206736237,
    3.1933547894771275,
    3.1870919062410077,
    3.1813676428794855,
    3.176194788962602,
    3.1712200138148137,
    3.1660677591959634,
    3.160785702027772,
    3.15514152598381,
    3.149065928345634
  ],
  "valid_errs": [
    3.428231987459906,
    3.217908637277011,
    3.194579206663987,
    3.18799193974199,
    3.184691568900799,
    3.181664861481765,
    3.1838351282580146,
    3.1779152442669045,
    3.1771140262998383,
    3.175688883353924,
    3.1710947217612433,
    3.1661555027139596,
    3.163185374490146,
    3.1590364472619417,
    3.163047091714267,
    3.154792284143382,
    3.1354289301510514,
    3.12251458496883,
    3.112752602018159,
    3.083894836491552,
    3.0577129413341653
  ]
}