{
  "times": [
    21,
    37,
    54,
    69,
    87,
    101,
    119,
    135
  ],
  "epochs": [
    3,
    5,
    8,
    10,
    13,
    15,
    18,
    20
  ],
  "batches": [
    20,
    40,
    60,
    80,
    100,
    120,
    140,
    160
  ],
  "train_errs": [
    17.132987110543663,
    NaN,
    NaN,
    NaN,
    NaN,
    NaN,
    NaN,
    NaN
  ],
  "train_errs_ra": [
    17.132987110543663,
    NaN,
    NaN,
    NaN,
    NaN,
    NaN,
    NaN,
    NaN
  ],
  "valid_errs": [
    NaN,
    NaN,
    NaN,
    NaN,
    NaN,
    NaN,
    NaN,
    NaN
  ]
}