chars_processed,loss
100,2.485011443674653
200,4.605864500646609
300,8.05948737626186
400,22.96121192164134
500,71.52060447476725
600,110.87304890351822
700,118.68524607213665
800,77.627216398938
900,101.6952071229753
1000,136.29244792839995
1100,117.93733012144239
1200,108.91738437438154
1300,103.3190942793016
1400,90.74145873101095
1500,64.63171529177659
1600,58.46846026240664
1700,82.0628575452488
1800,63.51151111089591
1900,42.99015651915213
2000,44.056776409468796
2100,49.70711423331689
2200,28.814529723827032
2300,17.701824784562337
2400,18.155777256684463
2500,25.146847799100392
2600,23.876384715124928
2700,40.163093596690665
2800,33.352052842164476
2900,41.5197725466465
3000,34.54353268735201
3100,27.290387001556336
3200,24.389030325644548
3300,28.610338712455118
3400,53.71874687564034
3500,58.24882603450396
3600,52.02361762602064
3700,82.21963527874188
3800,50.482281041419526
3900,51.109961581931536
4000,55.77902198474921
4100,52.12639390783177
4200,76.6246351429799
4300,64.64189446332973
4400,51.2164433331451
4500,50.5992815267321
4600,43.157865194761825
4700,35.310574209511174
4800,39.76644436797482
4900,39.69982131592522
5000,48.002251040830586
5100,38.712978261140634
5200,34.41408175880594
5300,46.68406428468802
5400,57.19689593912117
5500,40.84345201040359
5600,27.14266518652708
5700,50.30931437462154
5800,37.82553512476544
5900,34.90812875270289
6000,65.87306790433641
6100,132.1333757977669
6200,128.86605214839767
6300,107.40048528619295
6400,153.88507666275976
6500,138.81643339248254
6600,160.91027461689617
6700,118.33405584804136
6800,94.10314444539438
6900,126.1459007961908
7000,108.21048229592057
7100,84.98227542639584
7200,77.94653837541455
7300,73.64772057234089
7400,83.01720000660394
7500,120.51770167985075
7600,97.58261268460038
7700,120.15197135452088
7800,122.46219311529842
7900,110.63160397341926
8000,93.30795830638681
8100,82.887521235442
8200,113.52457339941377
8300,98.2903622935648
8400,90.11884631284069
8500,104.4860986543073
8600,108.9300819222878
8700,103.09234244620339
8800,79.59655918984923
8900,113.55148634530975
9000,84.84067729442626
9100,66.82884016065776
9200,102.39177593342797
9300,108.33273802069901
9400,78.30941241287887
9500,71.32475063196469
9600,63.49808380620551
9700,51.69921541962373
9800,31.37179727050458
9900,46.75297374289124
10000,46.076651830787135
