{
  "times": [
    1770,
    3543,
    5317,
    7089
  ],
  "epochs": [
    1,
    1,
    1,
    1
  ],
  "batches": [
    500,
    1000,
    1500,
    2000
  ],
  "train_errs": [
    4.647819049874978,
    1.5592201374334482,
    1.4131000943458405,
    1.358255684319205
  ],
  "valid_errs": [
    1.8033804228388362,
    1.511773609417806,
    1.4466346180202487,
    1.4005568241214703
  ],
  "batches_per_epoch": 2400
}