{
  "times": [
    1770,
    3543,
    5317,
    7089,
    10253,
    12410,
    14531,
    16593,
    18655
  ],
  "epochs": [
    1,
    1,
    1,
    1,
    2,
    2,
    2,
    2,
    2
  ],
  "batches": [
    500,
    1000,
    1500,
    2000,
    2500,
    3000,
    3500,
    4000,
    4500
  ],
  "train_errs": [
    4.647819049874978,
    1.5592201374334482,
    1.4131000943458405,
    1.358255684319205,
    1.3348372833151405,
    1.3182610371692987,
    1.301651043899775,
    1.2772412526884316,
    1.2705128614300505
  ],
  "valid_errs": [
    1.8033804228388362,
    1.511773609417806,
    1.4466346180202487,
    1.4005568241214703,
    1.3775910653741001,
    1.3657841414491392,
    1.3519349717003244,
    1.3387433305368328,
    1.3243954095956676
  ],
  "batches_per_epoch": 2400
}