{
  "times": [
    15,
    29,
    45,
    60,
    74,
    90,
    104,
    119,
    134,
    149,
    163,
    178,
    193,
    208
  ],
  "epochs": [
    1,
    1,
    2,
    2,
    2,
    3,
    3,
    3,
    4,
    4,
    4,
    5,
    5,
    5
  ],
  "batches": [
    640,
    1280,
    1920,
    2560,
    3200,
    3840,
    4480,
    5120,
    5760,
    6400,
    7040,
    7680,
    8320,
    8960
  ],
  "train_errs": [
    2.350115060061216,
    2.1835168350487946,
    2.165069685317576,
    2.143269287236035,
    2.1325013456866144,
    2.134677874855697,
    2.135517766699195,
    2.120303523540497,
    2.134470598399639,
    2.1298864452168345,
    2.1216444108635186,
    2.1233299639075995,
    2.1264358276501296,
    2.1252190735191108
  ],
  "train_errs_ra": [
    2.350115060061216,
    2.2668159475550054,
    2.2329005268091953,
    2.210492716915905,
    2.194894442670047,
    2.184858348034322,
    2.177809693557875,
    2.1706214223057025,
    2.1666046640939176,
    2.1629328422062093,
    2.159179348447783,
    2.156191899736101,
    2.1539029711141033,
    2.1518541212858895
  ],
  "valid_errs": [
    2.194233443902256,
    2.167415595495727,
    2.1685624841090165,
    2.1425143234705093,
    2.1358501393804734,
    2.153805405340736,
    2.1512480457212604,
    2.16662282613274,
    2.1412763849774583,
    2.1301004127037118,
    2.132295795651804,
    2.1796302203288755,
    2.1311956924044924,
    2.1568553205491905
  ]
}