{
  "times": [
    7,
    14,
    22,
    29,
    37,
    45,
    52,
    59,
    67,
    75,
    82,
    90,
    97,
    104
  ],
  "epochs": [
    1,
    1,
    2,
    2,
    2,
    3,
    3,
    3,
    4,
    4,
    4,
    5,
    5,
    5
  ],
  "batches": [
    320,
    640,
    960,
    1280,
    1600,
    1920,
    2240,
    2560,
    2880,
    3200,
    3520,
    3840,
    4160,
    4480
  ],
  "train_errs": [
    2.4664517983794214,
    2.167230661958456,
    2.1323999293148517,
    2.110110155120492,
    2.0893041793257,
    2.0810736499726774,
    2.0762674760073425,
    2.0626958049833775,
    2.067987371608615,
    2.0620695728808642,
    2.0541455529630186,
    2.0524579286575317,
    2.048111477866769,
    2.047434900328517
  ],
  "train_errs_ra": [
    2.4664517983794214,
    2.3168412301689387,
    2.2553607965509097,
    2.2190481361933054,
    2.1930993448197844,
    2.1744283956786,
    2.1604054071541343,
    2.14819170688279,
    2.139280114074548,
    2.1315590599551797,
    2.1245214684104377,
    2.1185161734310287,
    2.1131004276183933,
    2.1084100328119737
  ],
  "valid_errs": [
    2.225350258454293,
    2.1740220998588793,
    2.1513872088291457,
    2.151044595200427,
    2.1251048564013737,
    2.131586832699637,
    2.101122696671078,
    2.1284416995851476,
    2.0860369338552642,
    2.0844562662249637,
    2.0959343715834,
    2.0928939816046372,
    2.0730456535103703,
    2.077254978830667
  ]
}