{
  "times": [
    14,
    29,
    44,
    59,
    74,
    89,
    104,
    119,
    134,
    149,
    164,
    179,
    194,
    209
  ],
  "epochs": [
    1,
    1,
    2,
    2,
    2,
    3,
    3,
    3,
    4,
    4,
    4,
    5,
    5,
    5
  ],
  "batches": [
    640,
    1280,
    1920,
    2560,
    3200,
    3840,
    4480,
    5120,
    5760,
    6400,
    7040,
    7680,
    8320,
    8960
  ],
  "train_errs": [
    2.3458135075867177,
    2.1815855188295243,
    2.16147653311491,
    2.1435585940256714,
    2.1321913240477444,
    2.1357066445052624,
    2.1344992404803635,
    2.122762862034142,
    2.1320705495774748,
    2.1336618991568685,
    2.1223368819803,
    2.128969019278884,
    2.1239999674260615,
    2.126471729017794
  ],
  "train_errs_ra": [
    2.3458135075867177,
    2.2636995132081212,
    2.229625186510384,
    2.208108538389206,
    2.1929250955209136,
    2.1833886870183052,
    2.1764044803700275,
    2.169699278078042,
    2.1655183082446454,
    2.1623326673358676,
    2.1586966868489976,
    2.1562193812181545,
    2.153740964772609,
    2.1517931622186937
  ],
  "valid_errs": [
    2.1919814802404853,
    2.1706005036924356,
    2.1604523053173734,
    2.145757756662354,
    2.1429134748990575,
    2.194190726156106,
    2.160422944095524,
    2.1342659910183484,
    2.1593562024781305,
    2.1313197606781427,
    2.159954988010702,
    2.1564579552787717,
    2.1356073713257753,
    2.158735377319781
  ]
}