{
  "times": [
    2,
    5,
    7,
    10,
    12,
    15,
    18,
    20,
    23,
    25,
    28,
    31,
    33,
    35,
    38,
    41,
    44,
    46,
    48,
    51,
    54,
    56,
    59,
    62,
    64,
    67,
    69,
    72
  ],
  "epochs": [
    1,
    1,
    2,
    2,
    2,
    3,
    3,
    3,
    4,
    4,
    4,
    5,
    5,
    5,
    6,
    6,
    7,
    7,
    7,
    8,
    8,
    8,
    9,
    9,
    9,
    10,
    10,
    10
  ],
  "batches": [
    80,
    160,
    240,
    320,
    400,
    480,
    560,
    640,
    720,
    800,
    880,
    960,
    1040,
    1120,
    1200,
    1280,
    1360,
    1440,
    1520,
    1600,
    1680,
    1760,
    1840,
    1920,
    2000,
    2080,
    2160,
    2240
  ],
  "train_errs": [
    16.428995913267137,
    5.265349745750427,
    4.855193510651588,
    4.750832974910736,
    4.745300877094269,
    4.755103492736817,
    4.739598864316941,
    4.716203343868256,
    4.6502476841211315,
    4.708689534664154,
    4.616200050711631,
    4.801107329130173,
    4.662347918748855,
    4.717507594823838,
    4.649840492010116,
    4.744521313905716,
    4.656722187995911,
    4.70927927494049,
    4.653288027644157,
    4.606887331604957,
    4.678441709280014,
    4.470209059119225,
    4.672148337960243,
    6.241294348239899,
    5.144011157751083,
    4.683725482225418,
    4.86009079515934,
    4.657065603137016
  ],
  "train_errs_ra": [
    16.428995913267137,
    10.847172829508782,
    8.849846389889718,
    7.825093036144972,
    7.209134604334832,
    6.8001294190684956,
    6.505767911246844,
    6.282072340324521,
    6.100758489635255,
    5.961551594138145,
    5.839246908372098,
    5.752735276768604,
    5.668859326151701,
    5.600905631056854,
    5.537501288453738,
    5.487940040044487,
    5.439044872276923,
    5.398502339091565,
    5.359280533225912,
    5.3216608731448645,
    5.2910313891513,
    5.2537212832407505,
    5.2284355030111636,
    5.270637954895694,
    5.265572883009909,
    5.24319413682589,
    5.229005124171573,
    5.208578712706053
  ],
  "valid_errs": [
    5.643887492772291,
    4.730727028719644,
    4.240529319192594,
    4.8925239228649025,
    4.491463044101671,
    5.034315725747004,
    4.6812100998097055,
    4.638675755488532,
    4.649138097293551,
    5.5644477429753305,
    4.559919380775325,
    5.319442321978306,
    4.5845737017670105,
    5.2754636648195445,
    5.13339103655069,
    5.000171837966694,
    4.465211179421665,
    4.613864565239539,
    4.357070221277418,
    4.644391513386652,
    4.605962805928912,
    4.371675742984603,
    4.457442770186693,
    6.082462838018303,
    5.331289259233831,
    4.92410669524156,
    5.274453681851301,
    5.041527107689738
  ]
}