{
  "times": [
    4,
    8,
    13,
    17,
    21,
    26,
    30,
    35,
    39,
    44,
    48,
    53,
    57,
    61
  ],
  "epochs": [
    1,
    1,
    2,
    2,
    2,
    3,
    3,
    3,
    4,
    4,
    4,
    5,
    5,
    5
  ],
  "batches": [
    160,
    320,
    480,
    640,
    800,
    960,
    1120,
    1280,
    1440,
    1600,
    1760,
    1920,
    2080,
    2240
  ],
  "train_errs": [
    12.120681087672711,
    4.088956075906753,
    4.093449486792087,
    4.014889506995678,
    4.038878926634789,
    4.011726054549217,
    3.9597173601388933,
    3.8947845131158827,
    3.9271250858902933,
    3.926308161020279,
    3.783261480927467,
    3.771680684387684,
    3.6580336421728132,
    3.745173971354961
  ],
  "train_errs_ra": [
    12.120681087672711,
    8.104818581789733,
    6.76769555012385,
    6.079494039341807,
    5.6713710168004035,
    5.394763523091873,
    5.189756928384304,
    5.0278853764757505,
    4.905578677521811,
    4.807651625871658,
    4.71452524905855,
    4.635954868669311,
    4.560730158938812,
    4.502476145539966
  ],
  "valid_errs": [
    3.948082813539263,
    3.9364484817341,
    4.610697700970597,
    3.5105626978594593,
    3.995151731952226,
    4.096937414096343,
    3.6734233529039146,
    4.1456883346896145,
    3.7599243891205525,
    4.060194536001565,
    3.656197393153595,
    3.8275553568585536,
    3.5386043477110745,
    3.572867123375645
  ]
}