{
  "times": [
    340,
    678,
    1017,
    1356,
    1693,
    2031,
    2369,
    2707,
    3044,
    3384,
    3725,
    4067,
    4408,
    4747,
    5088,
    5430,
    5774,
    6112,
    6592,
    6944,
    7303,
    7661,
    8020,
    8378,
    8734,
    9091,
    9447,
    9810,
    10172,
    10525,
    10879,
    11232,
    11584,
    11937,
    12294,
    12648,
    13151,
    13508,
    13865,
    14221,
    14577,
    14935,
    15292,
    15650,
    16006,
    16362,
    16719,
    17076,
    17433,
    17791,
    18148,
    18505,
    18861,
    19215
  ],
  "epochs": [
    1,
    1,
    1,
    1,
    1,
    1,
    1,
    1,
    1,
    1,
    1,
    1,
    1,
    1,
    1,
    1,
    1,
    1,
    2,
    2,
    2,
    2,
    2,
    2,
    2,
    2,
    2,
    2,
    2,
    2,
    2,
    2,
    2,
    2,
    2,
    2,
    3,
    3,
    3,
    3,
    3,
    3,
    3,
    3,
    3,
    3,
    3,
    3,
    3,
    3,
    3,
    3,
    3,
    3
  ],
  "batches": [
    500,
    1000,
    1500,
    2000,
    2500,
    3000,
    3500,
    4000,
    4500,
    5000,
    5500,
    6000,
    6500,
    7000,
    7500,
    8000,
    8500,
    9000,
    9500,
    10000,
    10500,
    11000,
    11500,
    12000,
    12500,
    13000,
    13500,
    14000,
    14500,
    15000,
    15500,
    16000,
    16500,
    17000,
    17500,
    18000,
    18500,
    19000,
    19500,
    20000,
    20500,
    21000,
    21500,
    22000,
    22500,
    23000,
    23500,
    24000,
    24500,
    25000,
    25500,
    26000,
    26500,
    27000
  ],
  "train_errs": [
    3.028291959285736,
    2.816240303993225,
    2.7293798928260804,
    2.6799352464675903,
    2.636681496620178,
    2.5732134528160095,
    2.565495108604431,
    2.714914284706116,
    2.5088959770202637,
    2.3046023778915403,
    2.1145350506305696,
    1.974255334854126,
    1.8460137948989868,
    1.7488045372962953,
    1.659846943616867,
    1.5946729459762574,
    1.5432375771999358,
    1.5115899817943572,
    1.4729447085857392,
    1.4337108623981476,
    1.4078431758880616,
    1.3720135762691499,
    1.347820905685425,
    1.3324855456352234,
    1.3016600255966186,
    1.2837129747867584,
    2.141340655088425,
    1.8275272850990296,
    1.5950179159641267,
    1.4864675748348235,
    1.3976422955989838,
    1.3532491543293,
    1.3111597287654877,
    1.283588472366333,
    1.2597959902286529,
    1.2566656982898712,
    1.2592504670619964,
    1.2433047726154327,
    1.2346602160930633,
    1.225620712041855,
    1.2161550612449645,
    1.2174274702072143,
    1.1944182555675507,
    1.1912063908576966,
    1.1869378888607025,
    1.1822744855880738,
    1.1568744354248046,
    1.1644316842556,
    1.1554166197776794,
    1.1612626481056214,
    1.1489264733791351,
    1.1498334593772888,
    1.1440169732570649,
    1.1554115455150604
  ],
  "train_errs_ra": [
    3.028291959285736,
    2.9222661316394802,
    2.8579707187016803,
    2.813461850643158,
    2.778105779838562,
    2.743957058668137,
    2.7184624943733215,
    2.718018968164921,
    2.694783080259959,
    2.655765010023117,
    2.606562286441976,
    2.553870040476322,
    2.4994195600472966,
    2.445804201279368,
    2.393407050768535,
    2.3434861692190174,
    2.29641272262966,
    2.2528114592499207,
    2.2117658407939107,
    2.1728630918741225,
    2.1364335720652625,
    2.101687208619985,
    2.068910412840222,
    2.038226043373347,
    2.008763402662278,
    1.9808768477439886,
    1.9868199517197083,
    1.9811309279118268,
    1.9678166861205268,
    1.9517717157443368,
    1.933896573159003,
    1.9157513413205747,
    1.89743038336436,
    1.8793762095114768,
    1.8616739175319674,
    1.8448681336641315,
    1.8290406291613712,
    1.8136265276733203,
    1.798781237632801,
    1.7844522244930272,
    1.7705913180723427,
    1.75742075026603,
    1.7443276689939722,
    1.7317567308545114,
    1.719649645476871,
    1.7079675767836364,
    1.6962421907972782,
    1.6851628052443266,
    1.67435165860215,
    1.6640898783922196,
    1.6539886351566688,
    1.6442933433147575,
    1.6348541665212162,
    1.6259755994655467
  ],
  "valid_errs": [
    2.895887891769409,
    2.8027535257339475,
    2.7482461342811586,
    2.701566352367401,
    2.665320780277252,
    2.5217331447601317,
    2.4969925723075868,
    2.721420662879944,
    2.508467041015625,
    2.328336886405945,
    2.1164920446872713,
    2.0482165653705597,
    1.89690434384346,
    1.7201720180511475,
    1.6156487019062042,
    1.6067332429885863,
    1.509651945590973,
    1.4087490422725677,
    1.4415656278133393,
    1.3874143440723419,
    1.4047869486808777,
    1.3535321824550628,
    1.3928672769069672,
    1.314108621120453,
    1.2984338309764862,
    1.2860278613567353,
    2.0470281970500945,
    1.7804731023311615,
    1.6271543514728546,
    1.571377001285553,
    1.4681007676124573,
    1.3505080044269562,
    1.2631098854541778,
    1.2523146264553071,
    1.2221557567119599,
    1.2031950623989105,
    1.2047027871608733,
    1.2397882187366485,
    1.2318284721374513,
    1.2058897681236267,
    1.2233575007915496,
    1.2103948483467102,
    1.2053369162082672,
    1.2096800606250764,
    1.2145986306667327,
    1.2060699882507324,
    1.1817024023532867,
    1.184965882539749,
    1.2355150949954987,
    1.1470581413507461,
    1.1504816999435425,
    1.1204459877014161,
    1.125709562420845,
    1.106164442896843
  ]
}