{
  "times": [
    340,
    678,
    1017,
    1356,
    1693,
    2031,
    2369,
    2707,
    3044,
    3384,
    3725,
    4067,
    4408,
    4747,
    5088,
    5430,
    5774,
    6112
  ],
  "epochs": [
    1,
    1,
    1,
    1,
    1,
    1,
    1,
    1,
    1,
    1,
    1,
    1,
    1,
    1,
    1,
    1,
    1,
    1
  ],
  "batches": [
    500,
    1000,
    1500,
    2000,
    2500,
    3000,
    3500,
    4000,
    4500,
    5000,
    5500,
    6000,
    6500,
    7000,
    7500,
    8000,
    8500,
    9000
  ],
  "train_errs": [
    3.028291959285736,
    2.816240303993225,
    2.7293798928260804,
    2.6799352464675903,
    2.636681496620178,
    2.5732134528160095,
    2.565495108604431,
    2.714914284706116,
    2.5088959770202637,
    2.3046023778915403,
    2.1145350506305696,
    1.974255334854126,
    1.8460137948989868,
    1.7488045372962953,
    1.659846943616867,
    1.5946729459762574,
    1.5432375771999358,
    1.5115899817943572
  ],
  "train_errs_ra": [
    3.028291959285736,
    2.9222661316394802,
    2.8579707187016803,
    2.813461850643158,
    2.778105779838562,
    2.743957058668137,
    2.7184624943733215,
    2.718018968164921,
    2.694783080259959,
    2.655765010023117,
    2.606562286441976,
    2.553870040476322,
    2.4994195600472966,
    2.445804201279368,
    2.393407050768535,
    2.3434861692190174,
    2.29641272262966,
    2.2528114592499207
  ],
  "valid_errs": [
    2.895887891769409,
    2.8027535257339475,
    2.7482461342811586,
    2.701566352367401,
    2.665320780277252,
    2.5217331447601317,
    2.4969925723075868,
    2.721420662879944,
    2.508467041015625,
    2.328336886405945,
    2.1164920446872713,
    2.0482165653705597,
    1.89690434384346,
    1.7201720180511475,
    1.6156487019062042,
    1.6067332429885863,
    1.509651945590973,
    1.4087490422725677
  ]
}