{
  "times": [
    311,
    621,
    1033,
    1344,
    1749,
    2059,
    2366,
    2779,
    3088,
    3494,
    3805,
    4108,
    4522,
    4831,
    5223,
    5535,
    5926,
    6236,
    6540,
    6966,
    7276,
    7685,
    7997,
    8300,
    8707,
    9016,
    9408,
    9719,
    10122,
    10432,
    10740,
    11152,
    11461,
    11869,
    12181,
    12484,
    12882,
    13192,
    13598,
    13909,
    14313,
    14623,
    14928,
    15337,
    15647,
    16037,
    16343,
    16641
  ],
  "epochs": [
    1,
    1,
    2,
    2,
    3,
    3,
    3,
    4,
    4,
    5,
    5,
    5,
    6,
    6,
    7,
    7,
    8,
    8,
    8,
    9,
    9,
    10,
    10,
    10,
    11,
    11,
    12,
    12,
    13,
    13,
    13,
    14,
    14,
    15,
    15,
    15,
    16,
    16,
    17,
    17,
    18,
    18,
    18,
    19,
    19,
    20,
    20,
    20
  ],
  "batches": [
    500,
    1000,
    1500,
    2000,
    2500,
    3000,
    3500,
    4000,
    4500,
    5000,
    5500,
    6000,
    6500,
    7000,
    7500,
    8000,
    8500,
    9000,
    9500,
    10000,
    10500,
    11000,
    11500,
    12000,
    12500,
    13000,
    13500,
    14000,
    14500,
    15000,
    15500,
    16000,
    16500,
    17000,
    17500,
    18000,
    18500,
    19000,
    19500,
    20000,
    20500,
    21000,
    21500,
    22000,
    22500,
    23000,
    23500,
    24000
  ],
  "train_errs": [
    3.9154907529330556,
    2.3825449387340805,
    2.0195660547983874,
    1.909864078416292,
    1.8604603507285722,
    1.8134505204150664,
    1.783489070931752,
    1.7695370413261573,
    1.7499795643266918,
    1.8175940072714991,
    2.491457623441751,
    1.8414471575432512,
    2.447966767983735,
    2.119145895953669,
    2.1824721362085797,
    7.191252409803273,
    13.989369899512889,
    14.33257636975535,
    16.963114301565795,
    41.905486160821084,
    43.42595683610976,
    43.44239847109086,
    43.37939190874771,
    43.45260469757875,
    43.359545677692935,
    43.44072480197397,
    43.42187125478004,
    43.39403669650973,
    43.45034209932741,
    43.35262228906537,
    43.46361533507994,
    43.387200636544684,
    43.42595683610976,
    43.44239847109086,
    43.37939190874771,
    43.45260469757875,
    43.359545677692935,
    43.44072480197397,
    43.42187125478004,
    43.39403669650973,
    43.45034209932741,
    43.35262228906537,
    43.46361533507994,
    43.387200636544684,
    43.42595683610976,
    43.44239847109086,
    43.37939190874771,
    43.45260469757875
  ],
  "valid_errs": [
    2.783664938150864,
    2.180668970346995,
    2.0241748190469147,
    1.9230819911335801,
    1.8842452042819098,
    1.843180663379946,
    1.8775215778028718,
    1.8516584896801267,
    1.8720180435442835,
    2.1528840827301017,
    2.0277425621627936,
    1.8457365027138979,
    2.2738354446490994,
    1.944708014059818,
    2.3662281870631503,
    13.970584277210852,
    13.968516399092715,
    23.504993340066218,
    27.657402023529517,
    43.00283271369246,
    43.00283271369246,
    43.00283271369246,
    43.00283271369246,
    43.00283271369246,
    43.00283271369246,
    43.00283271369246,
    43.00283271369246,
    43.00283271369246,
    43.00283271369246,
    43.00283271369246,
    43.00283271369246,
    43.00283271369246,
    43.00283271369246,
    43.00283271369246,
    43.00283271369246,
    43.00283271369246,
    43.00283271369246,
    43.00283271369246,
    43.00283271369246,
    43.00283271369246,
    43.00283271369246,
    43.00283271369246,
    43.00283271369246,
    43.00283271369246,
    43.00283271369246,
    43.00283271369246,
    43.00283271369246,
    43.00283271369246
  ],
  "batches_per_epoch": 1200
}