{
  "times": [
    799,
    1593,
    2625,
    3396,
    4406,
    5180,
    5953,
    6964,
    7744,
    8764,
    9539,
    10352
  ],
  "epochs": [
    1,
    1,
    2,
    2,
    3,
    3,
    3,
    4,
    4,
    5,
    5,
    5
  ],
  "batches": [
    500,
    1000,
    1500,
    2000,
    2500,
    3000,
    3500,
    4000,
    4500,
    5000,
    5500,
    6000
  ],
  "train_errs": [
    4.653438000314698,
    2.119527737682525,
    1.9268356486989222,
    1.8211495738437133,
    1.7895847548719093,
    1.7427177207215176,
    1.7224816156601852,
    1.7072019821476234,
    1.6816296255366836,
    1.681575265604364,
    2.140091195897371,
    1.929202067029144
  ],
  "valid_errs": [
    2.444133768802158,
    2.0294516105186924,
    1.9223193194498036,
    1.8626089458082058,
    1.824938574531738,
    1.8108414257933618,
    1.8220085860809208,
    1.773512384184495,
    1.776972666520722,
    1.775035452221577,
    2.0026440874079534,
    1.8691599490010065
  ],
  "batches_per_epoch": 1200
}