{
  "times": [
    7,
    15,
    23,
    31,
    39,
    47,
    55,
    62,
    70,
    78,
    86,
    94,
    102,
    110
  ],
  "epochs": [
    1,
    1,
    2,
    2,
    2,
    3,
    3,
    3,
    4,
    4,
    4,
    5,
    5,
    5
  ],
  "batches": [
    320,
    640,
    960,
    1280,
    1600,
    1920,
    2240,
    2560,
    2880,
    3200,
    3520,
    3840,
    4160,
    4480
  ],
  "train_errs": [
    2.7744296483695505,
    2.2849527295678853,
    2.243472199141979,
    2.191223583742976,
    2.1509840242564677,
    2.1384595327079294,
    2.127050564438105,
    2.1020519748330115,
    2.1121005684137346,
    2.1061303839087486,
    2.094033031538129,
    2.0956863179802894,
    2.0867006119340656,
    2.0876898515969513
  ],
  "train_errs_ra": [
    2.7744296483695505,
    2.5296911889687177,
    2.434284859026471,
    2.3735195402055975,
    2.3290124370157717,
    2.2972536196311313,
    2.2729388974606985,
    2.2515780321322376,
    2.236080536163515,
    2.2230855209380387,
    2.2113534764471376,
    2.2017145465749004,
    2.192867320833298,
    2.1853546444592733
  ],
  "valid_errs": [
    2.3537465682707075,
    2.29178124933491,
    2.2331469133005655,
    2.2043683665716074,
    2.1576005132566913,
    2.1552089767868745,
    2.132349032748639,
    2.1445602837607716,
    2.14769755384697,
    2.1283772672071244,
    2.129973088210935,
    2.1315513276201536,
    2.103241540078049,
    2.120590014680496
  ]
}