{
  "times": [
    7,
    15,
    23,
    31,
    39,
    47,
    55,
    62,
    71,
    78,
    86,
    94,
    102,
    110
  ],
  "epochs": [
    1,
    1,
    2,
    2,
    2,
    3,
    3,
    3,
    4,
    4,
    4,
    5,
    5,
    5
  ],
  "batches": [
    320,
    640,
    960,
    1280,
    1600,
    1920,
    2240,
    2560,
    2880,
    3200,
    3520,
    3840,
    4160,
    4480
  ],
  "train_errs": [
    2.4584148466587066,
    2.222580548375845,
    2.196353181824088,
    2.1725986778736113,
    2.154967924952507,
    2.158143559843302,
    2.1513330303132534,
    2.1337779361754654,
    2.1440226055681704,
    2.1416850510984657,
    2.1331657264381647,
    2.136546012759209,
    2.1291116531938314,
    2.1314359433948993
  ],
  "train_errs_ra": [
    2.4584148466587066,
    2.340497697517276,
    2.2924495256195465,
    2.2624868136830627,
    2.2409830359369516,
    2.22717645658801,
    2.216341681405902,
    2.206021213252097,
    2.199132479064994,
    2.1933877362683414,
    2.1879130081019618,
    2.1836324251567323,
    2.1794385196211246,
    2.1760097641763942
  ],
  "valid_errs": [
    2.2782813658644017,
    2.2247994843976704,
    2.1983578607332523,
    2.1966384991316557,
    2.198346972801948,
    2.192336667701719,
    2.170612106580426,
    2.1694022854804693,
    2.184376170172442,
    2.1696075621575313,
    2.173732501655284,
    2.171886348993511,
    2.1782034407891087,
    2.1642953726743674
  ]
}