{
  "times": [
    3611,
    7437,
    11187,
    14991,
    18828,
    22825,
    27099,
    31236,
    35607,
    39771,
    43857,
    47940,
    51944,
    54804,
    57656,
    60496,
    63340,
    66130,
    71516,
    74387,
    77229,
    80123,
    82995,
    85863,
    88809,
    91704,
    94592,
    97461,
    100346,
    103233,
    106091,
    108950,
    111855,
    114742,
    117620,
    119933,
    124201,
    126465,
    128729,
    130997,
    133260,
    135527,
    137795,
    140057,
    142323,
    144587,
    146853,
    149115,
    151381,
    153649,
    155911,
    158179,
    160440,
    162654,
    166923,
    169192,
    171455,
    173721,
    175983,
    178249,
    180516,
    182778,
    185045,
    187307,
    189574,
    191836,
    194103,
    196369,
    198631,
    200897,
    203160,
    205373
  ],
  "epochs": [
    1,
    1,
    1,
    1,
    1,
    1,
    1,
    1,
    1,
    1,
    1,
    1,
    1,
    1,
    1,
    1,
    1,
    1,
    2,
    2,
    2,
    2,
    2,
    2,
    2,
    2,
    2,
    2,
    2,
    2,
    2,
    2,
    2,
    2,
    2,
    2,
    3,
    3,
    3,
    3,
    3,
    3,
    3,
    3,
    3,
    3,
    3,
    3,
    3,
    3,
    3,
    3,
    3,
    3,
    4,
    4,
    4,
    4,
    4,
    4,
    4,
    4,
    4,
    4,
    4,
    4,
    4,
    4,
    4,
    4,
    4,
    4
  ],
  "batches": [
    500,
    1000,
    1500,
    2000,
    2500,
    3000,
    3500,
    4000,
    4500,
    5000,
    5500,
    6000,
    6500,
    7000,
    7500,
    8000,
    8500,
    9000,
    9500,
    10000,
    10500,
    11000,
    11500,
    12000,
    12500,
    13000,
    13500,
    14000,
    14500,
    15000,
    15500,
    16000,
    16500,
    17000,
    17500,
    18000,
    18500,
    19000,
    19500,
    20000,
    20500,
    21000,
    21500,
    22000,
    22500,
    23000,
    23500,
    24000,
    24500,
    25000,
    25500,
    26000,
    26500,
    27000,
    27500,
    28000,
    28500,
    29000,
    29500,
    30000,
    30500,
    31000,
    31500,
    32000,
    32500,
    33000,
    33500,
    34000,
    34500,
    35000,
    35500,
    36000
  ],
  "train_errs": [
    10.561144429781143,
    6.155251813272396,
    5.553949618841323,
    4.799679326083646,
    4.662213743905801,
    3.9704256005525904,
    3.4851399559867926,
    2.974054118729536,
    2.6511029736415512,
    2.3987205289369955,
    2.263279281277852,
    2.161805057758656,
    2.0766289651768006,
    2.008568438103736,
    1.9170016690277654,
    1.9242135692150926,
    1.9250227850796202,
    1.9331066655119777,
    1.8917031968521159,
    1.8741543155510354,
    1.8717860979383203,
    1.8542105717091055,
    1.836499624620775,
    1.8522854264644666,
    1.839455792098724,
    1.8369953570446524,
    1.8294035141608977,
    1.817151916924359,
    1.8324309405864396,
    1.8275204843717692,
    1.8146671256872693,
    1.7987333812716189,
    1.7465509577550984,
    1.7821143080060593,
    1.8048078745414327,
    1.8276197813069675,
    1.7978402495682906,
    1.7907111366696074,
    1.7975769860935884,
    1.7868335886499986,
    1.775887786544433,
    1.7957111535376489,
    1.7866133511069544,
    1.787855026290174,
    1.7829890117683467,
    1.773448047194633,
    1.7916477964939403,
    1.7891801003323453,
    1.7791858386779957,
    1.7652984387767352,
    1.7151378766683942,
    1.7515677783600252,
    1.7756908664091948,
    1.7995569869245438,
    1.7710675163120468,
    1.765199422517223,
    1.772547630650181,
    1.7634199259399481,
    1.7533464105524963,
    1.7733989272297221,
    1.7660727026071275,
    1.7682159755116487,
    1.7648246413641167,
    1.7564096441099109,
    1.7743539204046364,
    1.7720984116221623,
    1.762973147345744,
    1.7495028318581523,
    1.7008665096766764,
    1.7379260343496712,
    1.7622471057308273,
    1.7875757078910468
  ],
  "train_errs_ra": [
    10.561144429781143,
    8.358198121526769,
    7.4234486206316195,
    6.767506296994626,
    6.346447786376862,
    5.950444088739483,
    5.598257784060527,
    5.270232325894153,
    4.979217953421641,
    4.721168210973176,
    4.497723762819056,
    4.303063870730688,
    4.1317996472265435,
    3.980140275146343,
    3.8425977014051047,
    3.722698693143229,
    3.6169530514924286,
    3.52340603004907,
    3.4375269335650196,
    3.35935830266432,
    3.288521531010701,
    3.223325578315174,
    3.1630287977197655,
    3.108414490584128,
    3.0576561426447117,
    3.0107076508908635,
    2.9669556458267903,
    2.9258912269374178,
    2.8881856998218667,
    2.8528301926401967,
    2.8193410614481667,
    2.7874470714426494,
    2.7559047649672688,
    2.727263869174292,
    2.700907983613353,
    2.676649977993731,
    2.6528983637119623,
    2.630209226158216,
    2.608859681541174,
    2.5883090292188946,
    2.568493876958542,
    2.5500942883056634,
    2.532338917673135,
    2.515418829232613,
    2.4991426110667403,
    2.483366642286912,
    2.4686492200359975,
    2.454493613375505,
    2.4407118220551474,
    2.427203554389579,
    2.4132414822773987,
    2.400516987971295,
    2.38872781586635,
    2.37781724496002,
    2.366785431711875,
    2.3560428244048275,
    2.345806066619658,
    2.335764926263111,
    2.3258934259968296,
    2.3166851843507112,
    2.307658750223767,
    2.2989580603090554,
    2.290479752071834,
    2.282134906634929,
    2.2743228914621554,
    2.266713429646398,
    2.259194917970269,
    2.2516994461156794,
    2.243716360080332,
    2.236490783998465,
    2.2298112955721603,
    2.223669134632145
  ],
  "valid_errs": [
    7.112943942882212,
    6.1976291192462325,
    5.621613506454295,
    4.390916569523199,
    4.185100332419592,
    3.691955876645074,
    3.2643237745643505,
    2.9682637253205124,
    2.4464154232471276,
    2.279844692860654,
    2.1500899428592533,
    2.084775130158066,
    2.0118568746872905,
    1.946222462154456,
    1.9170366358524076,
    1.9142811958616215,
    1.8721358669665804,
    1.87557258252016,
    1.838593976716292,
    1.8234532742287504,
    1.8217388362805391,
    1.8136452608421874,
    1.8058500925013476,
    1.816446326454386,
    1.8048237533556202,
    1.7954807686742393,
    1.7752455489795933,
    1.7996870075284228,
    1.7826342327134832,
    1.7915919753970184,
    1.7898067603966015,
    1.755822314414119,
    1.7579993920565093,
    1.7520624962582423,
    1.7537065176298843,
    1.7636556721905137,
    1.7641800558921268,
    1.750721663789737,
    1.747667058601914,
    1.7378930166044104,
    1.742381323688326,
    1.7490005376082163,
    1.7418172188736698,
    1.7409666122885246,
    1.7339974890025298,
    1.7593939077056029,
    1.7394208831294342,
    1.7441294666244709,
    1.7299818820819202,
    1.7428871093580578,
    1.7132214325420103,
    1.7442092297701839,
    1.733689613056209,
    1.729214143101319,
    1.710336459518161,
    1.705893747786711,
    1.731413118090765,
    1.7157608284427304,
    1.7133951897098647,
    1.7192762699146555,
    1.7161366076111606,
    1.714458098558541,
    1.7146930352867695,
    1.7142758598942767,
    1.7094455322884514,
    1.7011465755124044,
    1.7184703385747941,
    1.7075528355264993,
    1.7301319777046866,
    1.7017131499979274,
    1.7299928875957145,
    1.7078009065697741
  ]
}