{
  "times": [
    14,
    29,
    44,
    58,
    72,
    88,
    103,
    117,
    133,
    147,
    162,
    176,
    191,
    205
  ],
  "epochs": [
    1,
    1,
    2,
    2,
    2,
    3,
    3,
    3,
    4,
    4,
    4,
    5,
    5,
    5
  ],
  "batches": [
    640,
    1280,
    1920,
    2560,
    3200,
    3840,
    4480,
    5120,
    5760,
    6400,
    7040,
    7680,
    8320,
    8960
  ],
  "train_errs": [
    6.020620573684573,
    2.8362692449241877,
    2.6459921944886444,
    2.434454758837819,
    2.340308424271643,
    2.3219074811786413,
    3.5714101983234285,
    5.807155773788691,
    3.63031220138073,
    3.0919117014855146,
    2.8223223626613616,
    2.766154744103551,
    2.702252209559083,
    2.6894177578389646
  ],
  "train_errs_ra": [
    6.020620573684573,
    4.42844490930438,
    3.8342940043658014,
    3.4843341929838054,
    3.255529039241373,
    3.099925446230918,
    3.1672804108155623,
    3.4972648311872034,
    3.512047872319817,
    3.470034255236387,
    3.4111513559113846,
    3.3574016382607317,
    3.307005528360605,
    3.262892116180488
  ],
  "valid_errs": [
    3.525621287611145,
    2.7390359609842525,
    3.5054602295524764,
    2.4221411238048622,
    2.4365771260146403,
    2.3967734334909196,
    16.7656918433289,
    3.5480147433079083,
    2.985648703971377,
    2.926141088230926,
    2.781080808561773,
    2.707678363105652,
    2.6284454663594565,
    2.683709379646538
  ]
}