{
  "times": [
    2,
    4,
    7,
    10,
    12,
    15,
    17,
    20,
    22,
    25,
    28,
    30,
    33,
    35,
    38,
    41,
    43,
    46,
    48,
    51,
    54,
    56,
    59,
    62,
    64,
    67,
    69,
    72
  ],
  "epochs": [
    1,
    1,
    2,
    2,
    2,
    3,
    3,
    3,
    4,
    4,
    4,
    5,
    5,
    5,
    6,
    6,
    7,
    7,
    7,
    8,
    8,
    8,
    9,
    9,
    9,
    10,
    10,
    10
  ],
  "batches": [
    80,
    160,
    240,
    320,
    400,
    480,
    560,
    640,
    720,
    800,
    880,
    960,
    1040,
    1120,
    1200,
    1280,
    1360,
    1440,
    1520,
    1600,
    1680,
    1760,
    1840,
    1920,
    2000,
    2080,
    2160,
    2240
  ],
  "train_errs": [
    3.359415152668953,
    2.954583686590195,
    2.8849257051944734,
    2.8891670435667036,
    2.8748877465724947,
    2.864465209841728,
    2.8493048548698425,
    2.817294242978096,
    2.8134287863969805,
    2.798693111538887,
    2.741804540157318,
    2.7310328453779222,
    2.6814677119255066,
    2.6405088663101197,
    2.6176646411418916,
    2.554182821512222,
    2.518585965037346,
    2.482899245619774,
    2.4232694655656815,
    2.4057838350534437,
    2.3840941935777664,
    2.3255273669958116,
    2.327446165680885,
    2.2954577416181565,
    2.267270940542221,
    2.2601265758275986,
    2.2289922535419464,
    2.214507445693016
  ],
  "train_errs_ra": [
    3.359415152668953,
    3.1569994196295736,
    3.06630818148454,
    3.0220228970050806,
    2.9925958669185637,
    2.971240757405758,
    2.95382134275777,
    2.936755455285311,
    2.923052492075496,
    2.910616554021835,
    2.895270007306879,
    2.8815835771461327,
    2.8661900490522383,
    2.8500699645706584,
    2.834576276342074,
    2.817051685415208,
    2.799494878334157,
    2.781906232072247,
    2.7630306127824276,
    2.745168273895978,
    2.727974270071301,
    2.709681229022415,
    2.6930623132249574,
    2.676495456074674,
    2.6601264754533758,
    2.6447418639293074,
    2.629343730211257,
    2.6145281486213197
  ],
  "valid_errs": [
    3.1580415658720535,
    2.8941561350369387,
    2.888503988696027,
    2.8586358570985264,
    2.868922016694651,
    2.8710580655645526,
    2.834723704958007,
    2.8206157971415338,
    2.8524220448072595,
    2.795558262858207,
    2.7161953928478835,
    2.7356145409589727,
    2.6820135705708035,
    2.660224312037351,
    2.624892218204904,
    2.5775333630623734,
    2.5642854335278917,
    2.5182127242329053,
    2.431209543350162,
    2.4720801783789286,
    2.3520518808613082,
    2.310929585789094,
    2.304571506183848,
    2.3038957048711004,
    2.26332675876121,
    2.3036990980625003,
    2.3005419399492344,
    2.2412065033929105
  ]
}