{
  "times": [
    494,
    987,
    1718,
    2212,
    2947,
    3441,
    3936,
    4671,
    5163,
    5899,
    6398,
    6886,
    7611,
    8105,
    8818,
    9304,
    10023,
    10523,
    11005,
    11734,
    12233,
    12971,
    13456,
    13935
  ],
  "epochs": [
    1,
    1,
    2,
    2,
    3,
    3,
    3,
    4,
    4,
    5,
    5,
    5,
    6,
    6,
    7,
    7,
    8,
    8,
    8,
    9,
    9,
    10,
    10,
    10
  ],
  "batches": [
    500,
    1000,
    1500,
    2000,
    2500,
    3000,
    3500,
    4000,
    4500,
    5000,
    5500,
    6000,
    6500,
    7000,
    7500,
    8000,
    8500,
    9000,
    9500,
    10000,
    10500,
    11000,
    11500,
    12000
  ],
  "train_errs": [
    5.013275939988219,
    2.088213511535602,
    1.882341396924765,
    1.8127466119354203,
    1.7709395426456795,
    1.7345375712805133,
    1.7036277269086713,
    1.6892593121708623,
    1.6734665601642846,
    1.6712097628877935,
    1.6631826381060797,
    1.6448346459531054,
    11.081594252865242,
    13.74653706047837,
    3.5221606414737794,
    3.0134344766992442,
    2.824048925129237,
    2.6831569986395922,
    2.586020572103363,
    2.5507118146497807,
    2.453643459190726,
    2.463732466431402,
    2.3917046298096176,
    2.3746903761847657
  ],
  "valid_errs": [
    2.3810000160016416,
    1.9970787855803076,
    1.9778050527815063,
    1.9216186182746124,
    1.828704908594308,
    2.13399359263083,
    1.8098998783940763,
    2.002355730976558,
    1.9781858765450515,
    2.7279292624326623,
    1.8251160580476884,
    1.7685966814670762,
    14.875737244506974,
    4.042825051438949,
    3.322214855015246,
    2.885340589470575,
    2.7308384874180405,
    2.649007538399297,
    2.6172209318048174,
    2.504015680519466,
    2.4913707722030676,
    2.459925638881702,
    2.373966585994732,
    2.3453973336623957
  ],
  "batches_per_epoch": 1200
}