{
  "times": [
    828,
    1624,
    2639,
    3430,
    4471,
    5254,
    6043,
    7061,
    7832,
    8822,
    9581,
    10337
  ],
  "epochs": [
    1,
    1,
    2,
    2,
    3,
    3,
    3,
    4,
    4,
    5,
    5,
    5
  ],
  "batches": [
    500,
    1000,
    1500,
    2000,
    2500,
    3000,
    3500,
    4000,
    4500,
    5000,
    5500,
    6000
  ],
  "train_errs": [
    5.174094839603569,
    2.047016708235905,
    1.871506581071212,
    1.80524624077625,
    1.7653718340928162,
    1.7297412076684935,
    1.6973443851309211,
    1.6841160258434527,
    1.6672181060991587,
    1.6650905527528947,
    1.6574747396151959,
    1.637407566232499
  ],
  "valid_errs": [
    2.315378493740472,
    1.9960366223108745,
    1.8975685549189116,
    1.8245873902582423,
    1.7986192086970345,
    1.7689635514182438,
    1.7695437916452044,
    1.7471437160832688,
    1.7646758760271541,
    1.7563923608853975,
    1.7761334384797405,
    1.7728589567404598
  ],
  "batches_per_epoch": 1200
}