{
  "batch_size": 100,
  "num_timesteps": 5,
  "lr": 0.1,
  "epochs": 10,
  "valid_losses": [
    3.5533086996983663,
    2.2815504319695026,
    2.1813792807833146,
    2.103309342608862,
    2.0694905335192084,
    2.054599546396167,
    2.04676086735994,
    2.0419173153088894,
    2.0382878140242013,
    2.035780559681323,
    2.0336951947053303
  ],
  "train_losses": [
    2.4893555641174316,
    2.1299619674682617,
    2.0435845851898193,
    2.012425422668457,
    1.764957070350647,
    1.8667441606521606,
    1.9357125759124756,
    1.8249081373214722,
    1.7904157638549805,
    1.7870683670043945,
    1.8711119890213013,
    1.7445110082626343,
    1.7701036930084229,
    1.6306226253509521,
    1.835625410079956,
    1.6945353746414185,
    1.7089612483978271,
    1.8198633193969727,
    1.8778634071350098,
    1.6748230457305908,
    1.6307364702224731,
    1.639896273612976,
    1.782368540763855,
    1.6290216445922852,
    1.5599714517593384,
    1.672256588935852,
    1.7144477367401123,
    1.6984541416168213,
    1.7154587507247925,
    1.6089262962341309,
    1.6712262630462646,
    1.5540212392807007,
    1.6173038482666016,
    1.7288861274719238,
    1.6180347204208374,
    1.5721774101257324,
    1.4855215549468994,
    1.6421173810958862,
    1.5223158597946167,
    1.5875810384750366,
    1.6395015716552734,
    1.6970120668411255,
    1.673547625541687,
    1.6847609281539917,
    1.7435801029205322,
    1.4970226287841797,
    1.6490089893341064,
    1.5911966562271118,
    1.509305477142334,
    1.6277039051055908,
    1.6936237812042236,
    1.7129430770874023,
    1.7885260581970215,
    1.6710078716278076,
    1.6773854494094849,
    1.6448185443878174,
    1.4527744054794312,
    1.5385074615478516,
    1.482350468635559,
    1.5511274337768555,
    1.5873100757598877,
    1.52736496925354,
    1.3801931142807007,
    1.3825246095657349,
    1.565688133239746,
    1.6040242910385132,
    1.6459280252456665,
    1.5777250528335571,
    1.4342491626739502,
    1.4021612405776978,
    1.4306650161743164,
    1.3522130250930786,
    1.4584604501724243,
    1.5095651149749756,
    1.5056296586990356,
    1.479796290397644,
    1.447747826576233,
    1.472198247909546,
    1.4438809156417847,
    1.4613988399505615,
    1.3713828325271606,
    1.5258947610855103,
    1.469901442527771,
    1.4765634536743164,
    1.5633183717727661,
    1.648614525794983,
    1.4328325986862183,
    1.4178651571273804,
    1.3700693845748901,
    1.5418767929077148,
    1.391381025314331,
    1.3520195484161377,
    1.461202621459961,
    1.4941465854644775,
    1.5144333839416504,
    1.5144301652908325,
    1.439336895942688,
    1.4655778408050537,
    1.372112512588501,
    1.4102684259414673,
    1.5801122188568115,
    1.4071248769760132,
    1.4106439352035522,
    1.3223884105682373,
    1.4639769792556763,
    1.3689802885055542,
    1.4106736183166504,
    1.4931449890136719,
    1.5337066650390625,
    1.5283229351043701,
    1.5376948118209839,
    1.5584642887115479,
    1.3378477096557617,
    1.4688366651535034,
    1.4396882057189941,
    1.362432599067688,
    1.4935613870620728,
    1.544055461883545,
    1.5154203176498413,
    1.6156476736068726,
    1.5060762166976929,
    1.5080831050872803,
    1.5077310800552368,
    1.322723627090454,
    1.4108613729476929,
    1.3570154905319214,
    1.3927756547927856,
    1.4510667324066162,
    1.3843958377838135,
    1.2886654138565063,
    1.2611674070358276,
    1.4573755264282227,
    1.455604076385498,
    1.5340219736099243,
    1.4811201095581055,
    1.3184421062469482,
    1.2887152433395386,
    1.3271714448928833,
    1.2500970363616943,
    1.3453295230865479,
    1.396304965019226,
    1.4055018424987793,
    1.396820306777954,
    1.3642292022705078,
    1.3660105466842651,
    1.3611842393875122,
    1.3783435821533203,
    1.2913568019866943,
    1.4104409217834473,
    1.370853304862976,
    1.3704911470413208,
    1.4880833625793457,
    1.5133329629898071,
    1.3263194561004639,
    1.3240606784820557,
    1.272580862045288,
    1.442815899848938,
    1.2856519222259521,
    1.2430921792984009,
    1.3480514287948608,
    1.380216360092163,
    1.4314428567886353,
    1.4082891941070557,
    1.3584873676300049,
    1.3720852136611938,
    1.2997249364852905,
    1.3343617916107178,
    1.4822394847869873,
    1.342947006225586,
    1.3105744123458862,
    1.2165656089782715,
    1.3695014715194702,
    1.3035138845443726,
    1.3195326328277588,
    1.4052680730819702,
    1.4234251976013184,
    1.4373375177383423,
    1.4548231363296509,
    1.4589179754257202,
    1.2588924169540405,
    1.3536750078201294,
    1.3844404220581055,
    1.2744535207748413,
    1.4214270114898682,
    1.4560275077819824,
    1.4004768133163452,
    1.5310198068618774,
    1.41346275806427,
    1.4052304029464722,
    1.4443360567092896,
    1.2360492944717407,
    1.3271510601043701,
    1.2870334386825562,
    1.3053141832351685,
    1.3610620498657227,
    1.3087736368179321,
    1.237975001335144,
    1.18905508518219,
    1.3815126419067383,
    1.3839293718338013,
    1.4628666639328003,
    1.4193185567855835,
    1.2441705465316772,
    1.2193684577941895,
    1.2624112367630005,
    1.1950966119766235,
    1.2583343982696533,
    1.3204375505447388,
    1.3397618532180786,
    1.3490281105041504,
    1.3039387464523315,
    1.3183788061141968,
    1.3073608875274658,
    1.3293684720993042,
    1.243561029434204,
    1.3388571739196777,
    1.2986371517181396,
    1.3196840286254883,
    1.4459753036499023,
    1.4478673934936523,
    1.280048131942749,
    1.26566743850708,
    1.2357518672943115,
    1.3823516368865967,
    1.240204095840454,
    1.1852167844772339,
    1.294853925704956,
    1.334867000579834,
    1.3649256229400635,
    1.3500282764434814,
    1.3185667991638184,
    1.3440957069396973,
    1.2595961093902588,
    1.2814099788665771,
    1.4245469570159912,
    1.294926643371582,
    1.260406494140625,
    1.1741857528686523,
    1.3280272483825684,
    1.2652274370193481,
    1.273798942565918,
    1.3467921018600464,
    1.3581361770629883,
    1.3822112083435059,
    1.394839882850647,
    1.3988500833511353,
    1.2163914442062378,
    1.2970751523971558,
    1.3461360931396484,
    1.2336304187774658,
    1.379402756690979,
    1.3943312168121338,
    1.3326495885849,
    1.4739603996276855,
    1.3776826858520508,
    1.3512734174728394,
    1.3949131965637207,
    1.1914482116699219,
    1.2883880138397217,
    1.2412611246109009,
    1.2618224620819092,
    1.3206030130386353,
    1.2611163854599,
    1.201542854309082,
    1.1621320247650146,
    1.3502163887023926,
    1.3338805437088013,
    1.4034204483032227,
    1.3819547891616821,
    1.21384596824646,
    1.187027931213379,
    1.2294528484344482,
    1.1625038385391235,
    1.2258312702178955,
    1.2980033159255981,
    1.2990069389343262,
    1.3250792026519775,
    1.2705222368240356,
    1.2956944704055786,
    1.2794450521469116,
    1.3025799989700317,
    1.2141119241714478,
    1.3015334606170654,
    1.2620426416397095,
    1.288887858390808,
    1.40572988986969,
    1.4004331827163696,
    1.2495120763778687,
    1.2380633354187012,
    1.211949110031128,
    1.3464516401290894,
    1.2251579761505127,
    1.1554675102233887,
    1.270547866821289,
    1.3041107654571533,
    1.3355600833892822,
    1.3197364807128906,
    1.3018324375152588,
    1.3186376094818115,
    1.2355329990386963,
    1.259670376777649,
    1.3831075429916382,
    1.2668604850769043,
    1.236168384552002,
    1.1449406147003174,
    1.3025850057601929,
    1.2409203052520752,
    1.2490272521972656,
    1.3164658546447754,
    1.3234171867370605,
    1.3535523414611816,
    1.36028254032135,
    1.3592387437820435,
    1.1899203062057495,
    1.264019250869751,
    1.3213555812835693,
    1.209719181060791,
    1.3455607891082764,
    1.3532211780548096,
    1.3007771968841553,
