{
  "times": [
    4,
    13,
    21,
    25,
    34,
    41,
    46,
    54,
    62,
    67,
    74,
    82,
    87,
    95,
    103,
    112,
    117,
    126,
    134,
    139,
    148,
    156,
    161,
    170,
    178,
    182,
    190,
    199,
    203
  ],
  "epochs": [
    1,
    2,
    3,
    3,
    4,
    5,
    5,
    6,
    7,
    7,
    8,
    9,
    9,
    10,
    11,
    12,
    12,
    13,
    14,
    14,
    15,
    16,
    16,
    17,
    18,
    18,
    19,
    20,
    20
  ],
  "batches": [
    20,
    40,
    60,
    80,
    100,
    120,
    140,
    160,
    180,
    200,
    220,
    240,
    260,
    280,
    300,
    320,
    340,
    360,
    380,
    400,
    420,
    440,
    460,
    480,
    500,
    520,
    540,
    560,
    580
  ],
  "train_errs": [
    11.042984187302551,
    4.5068808146488335,
    4.431287955848691,
    4.213037293975685,
    4.088421141710665,
    3.82154370957261,
    3.749229304451071,
    3.613614259724097,
    3.5754623507838255,
    3.456682292189716,
    3.495216157399289,
    3.35743033045486,
    3.284928670623061,
    3.251558756488295,
    3.198204165952763,
    3.1302724291196915,
    3.0716837185878014,
    3.0512020983173676,
    2.9757468944309773,
    2.91685638014422,
    2.8923949867423646,
    2.85425906358949,
    2.7675316008175974,
    2.743510276622769,
    2.683925889731974,
    2.6250478441874057,
    2.5785859571348886,
    2.537879632877014,
    2.4742408237851894
  ],
  "train_errs_ra": [
    11.042984187302551,
    7.774932500975693,
    6.660384319266692,
    6.0485475629439405,
    5.656522278697286,
    5.350692517176507,
    5.121912058215731,
    4.933374833404277,
    4.782495668668671,
    4.649914331020775,
    4.544941769782459,
    4.445982483171826,
    4.356670651437306,
    4.277734087512377,
    4.205765426075069,
    4.138547113765358,
    4.075790443460796,
    4.018868868730605,
    3.963967712188519,
    3.9116121455863038,
    3.8630779951651637,
    3.817222589184451,
    3.7715838505598054,
    3.728747451645762,
    3.6869545891692104,
    3.646112022054526,
    3.6065740196500946,
    3.5684063629796277,
    3.530676516800509
  ],
  "valid_errs": [
    4.6387598413568245,
    4.5543492494023425,
    4.4124212420888025,
    4.1791465932974745,
    3.9635557511849187,
    3.754638402945468,
    3.7503877375596626,
    3.5709202557968256,
    3.4622767903924125,
    3.5385725238264047,
    3.3948114994257255,
    3.32535619219042,
    3.294534504831844,
    3.234959408897939,
    3.2381267598264265,
    3.1049505048009625,
    3.103807905027853,
    3.0655880788606154,
    3.0160391924522347,
    2.9819090342297496,
    2.8993086467724876,
    2.870889338953697,
    2.8334034454862533,
    2.8282400578716964,
    2.810269958107877,
    2.7430016533406327,
    2.6797956450127622,
    2.6934318064590417,
    2.6520845255632195
  ]
}