{
  "times": [
    4,
    9,
    14,
    18,
    23,
    28,
    33,
    37,
    42,
    47,
    51,
    57,
    61,
    65
  ],
  "epochs": [
    1,
    1,
    2,
    2,
    2,
    3,
    3,
    3,
    4,
    4,
    4,
    5,
    5,
    5
  ],
  "batches": [
    160,
    320,
    480,
    640,
    800,
    960,
    1120,
    1280,
    1440,
    1600,
    1760,
    1920,
    2080,
    2240
  ],
  "train_errs": [
    22.825736612081528,
    13.417607128620148,
    9.963229539990426,
    9.045836669206619,
    8.951121658086777,
    12.052146565914153,
    7.1981966435909275,
    6.9966550171375275,
    7.102681237459183,
    9.857437029480934,
    7.655240440368653,
    8.107170301675797,
    7.747451847791671,
    8.02281370460987
  ],
  "train_errs_ra": [
    22.825736612081528,
    18.121671870350838,
    15.402191093564031,
    13.81310248747468,
    12.8407063215971,
    12.709279695649943,
    11.92198211678437,
    11.306316229328516,
    10.839245674676368,
    10.741064810156825,
    10.460535321994263,
    10.264421570301057,
    10.070808514723414,
    9.924523171143875
  ],
  "valid_errs": [
    8.283328338639794,
    9.02097976734811,
    12.12142408226829,
    10.663040057661092,
    10.562275846761834,
    7.8508254153184955,
    7.5398618873663175,
    8.481116802201221,
    7.03946795393285,
    6.926742506161795,
    6.467508326955408,
    7.924927636724013,
    8.187653179114871,
    8.097092542053204
  ]
}