{
  "times": [
    4,
    8,
    13,
    17,
    21,
    25,
    29,
    34,
    39,
    43,
    47,
    52,
    56,
    60
  ],
  "epochs": [
    1,
    1,
    2,
    2,
    2,
    3,
    3,
    3,
    4,
    4,
    4,
    5,
    5,
    5
  ],
  "batches": [
    160,
    320,
    480,
    640,
    800,
    960,
    1120,
    1280,
    1440,
    1600,
    1760,
    1920,
    2080,
    2240
  ],
  "train_errs": [
    3.6413036569952966,
    2.8600051939487456,
    2.759296190738678,
    2.619001580774784,
    2.48958959877491,
    2.424111169576645,
    2.3527753055095673,
    2.293171261250973,
    2.2664862632751466,
    2.2250316426157952,
    2.1998903632164,
    2.181000442802906,
    2.160946438461542,
    2.142578957974911
  ],
  "train_errs_ra": [
    3.6413036569952966,
    3.250654425472021,
    3.0868683472275733,
    2.969901655614376,
    2.873839244246483,
    2.7988845651348435,
    2.735154670902661,
    2.6799067446962,
    2.6339711356494164,
    2.593077186346054,
    2.5573329296979037,
    2.5259718891233205,
    2.497893008303184,
    2.472513433279736
  ],
  "valid_errs": [
    2.8835117932807393,
    2.8963432590129345,
    2.674501488447264,
    2.6234358059047866,
    2.5346130994316476,
    2.3387739979835764,
    2.321067706661637,
    2.2806578147519754,
    2.263731658253112,
    2.29457646456958,
    2.2260046638489968,
    2.2648230225511314,
    2.1977409602482516,
    2.2000946400493766
  ]
}