{
  "times": [
    7,
    15,
    23,
    31,
    38,
    47,
    55,
    63,
    71,
    79,
    87,
    95,
    103,
    111
  ],
  "epochs": [
    1,
    1,
    2,
    2,
    2,
    3,
    3,
    3,
    4,
    4,
    4,
    5,
    5,
    5
  ],
  "batches": [
    320,
    640,
    960,
    1280,
    1600,
    1920,
    2240,
    2560,
    2880,
    3200,
    3520,
    3840,
    4160,
    4480
  ],
  "train_errs": [
    19.543336766958237,
    3.4700009718537332,
    3.3947165653109552,
    3.1969371549785137,
    3.0055114097893236,
    2.962418455630541,
    2.791501522064209,
    2.7308699645102026,
    2.7740716733038426,
    2.7104282803833484,
    2.7242965631186964,
    2.7153083249926566,
    2.634207497537136,
    2.6051546156406404
  ],
  "train_errs_ra": [
    19.543336766958237,
    11.506668869405985,
    8.802684768040974,
    7.401247864775359,
    6.522100573778152,
    5.9288202207535505,
    5.480631835226502,
    5.136911601386965,
    4.87437383159995,
    4.65797927647829,
    4.482189938900145,
    4.334949804407854,
    4.204123473110107,
    4.089911411862288
  ],
  "valid_errs": [
    3.252318808560687,
    4.088155011392081,
    3.493556002084272,
    3.0093617456465465,
    2.9388213411099713,
    2.8518534055807327,
    2.660373172254613,
    2.823032409653614,
    2.847521108682345,
    2.715576901634721,
    2.726236067733334,
    2.605291838405199,
    2.4806116819755526,
    2.5354499689797767
  ]
}