{
  "times": [
    7,
    15,
    23,
    31,
    38,
    47,
    54,
    62,
    70,
    78,
    86,
    94,
    102,
    109
  ],
  "epochs": [
    1,
    1,
    2,
    2,
    2,
    3,
    3,
    3,
    4,
    4,
    4,
    5,
    5,
    5
  ],
  "batches": [
    320,
    640,
    960,
    1280,
    1600,
    1920,
    2240,
    2560,
    2880,
    3200,
    3520,
    3840,
    4160,
    4480
  ],
  "train_errs": [
    2.4562874350696804,
    2.1602416351437568,
    2.1243577718734743,
    2.0878326769918205,
    2.066815499216318,
    2.0645360190421345,
    2.0532289128750563,
    2.037544134631753,
    2.043274649605155,
    2.039803944528103,
    2.035491428151727,
    2.032388634979725,
    2.0297591738402843,
    2.0304950069636107
  ],
  "train_errs_ra": [
    2.4562874350696804,
    2.3082645351067184,
    2.246962280695637,
    2.207179879769683,
    2.17910700365901,
    2.160011839556198,
    2.144757135744606,
    2.1313555106054993,
    2.1215687482721277,
    2.1133922678977255,
    2.106310373375362,
    2.1001502285090585,
    2.094735531996076,
    2.090146923065186
  ],
  "valid_errs": [
    2.226228907923969,
    2.1736485024311953,
    2.133445159362453,
    2.1276405838523473,
    2.1037815883638866,
    2.0980089222162484,
    2.0947083909521287,
    2.0831117127225034,
    2.084432013246399,
    2.065840284253931,
    2.0778935073722153,
    2.091496722381965,
    2.0571014524141646,
    2.0730850746280987
  ]
}