{
  "times": [
    2,
    5,
    7,
    10,
    13,
    15,
    18,
    21,
    24,
    26,
    29,
    32,
    34,
    37,
    40,
    42,
    45,
    48,
    51,
    53,
    56
  ],
  "epochs": [
    1,
    2,
    3,
    4,
    5,
    6,
    7,
    8,
    9,
    10,
    11,
    12,
    13,
    14,
    15,
    16,
    17,
    18,
    19,
    20,
    20
  ],
  "batches": [
    100,
    200,
    300,
    400,
    500,
    600,
    700,
    800,
    900,
    1000,
    1100,
    1200,
    1300,
    1400,
    1500,
    1600,
    1700,
    1800,
    1900,
    2000,
    2100
  ],
  "train_errs": [
    3.8849838638305663,
    3.290925500392914,
    3.1723457264900206,
    3.1444997715950014,
    3.136873369216919,
    3.132907829284668,
    3.1272426056861877,
    3.1252932476997377,
    3.1206792211532592,
    3.1208020782470705,
    3.1182310724258424,
    3.1130874395370483,
    3.105840859413147,
    3.0950892210006713,
    3.08548166513443,
    3.0766217851638795,
    3.0635074257850645,
    3.0449749875068663,
    3.026694803237915,
    3.0035399174690247,
    2.9776659178733826
  ],
  "train_errs_ra": [
    3.8849838638305663,
    3.5879546821117403,
    3.4494183635711666,
    3.3731887155771254,
    3.3259256463050844,
    3.293756010135015,
    3.2699683809280398,
    3.2518839892745017,
    3.2373056817054744,
    3.225655321359634,
    3.2158894805474714,
    3.2073226437966023,
    3.199516352690183,
    3.1920572718552176,
    3.184952231407165,
    3.1781815785169596,
    3.171436040120966,
    3.164410426086849,
    3.1571622354105893,
    3.149481119513511,
    3.141299443244933
  ],
  "valid_errs": [
    3.502886418638558,
    3.2443341140089363,
    3.2021371002854973,
    3.190447782648021,
    3.185375484926947,
    3.1817317173398774,
    3.1820568380684686,
    3.1772975017284524,
    3.1759990823679956,
    3.173232275864174,
    3.1675186979359595,
    3.160806113275988,
    3.1541791866565574,
    3.1453981975029253,
    3.1418814001412225,
    3.1244553286453773,
    3.100237953251806,
    3.0819148359627557,
    3.0633641686932793,
    3.0356190286833664,
    3.005218061907538
  ]
}