{
  "times": [
    7,
    14,
    22,
    29,
    37,
    45,
    52,
    60,
    68,
    76,
    83,
    92,
    99,
    107
  ],
  "epochs": [
    1,
    1,
    2,
    2,
    2,
    3,
    3,
    3,
    4,
    4,
    4,
    5,
    5,
    5
  ],
  "batches": [
    320,
    640,
    960,
    1280,
    1600,
    1920,
    2240,
    2560,
    2880,
    3200,
    3520,
    3840,
    4160,
    4480
  ],
  "train_errs": [
    3.3024702303111555,
    2.5567335106432436,
    2.3617623418569567,
    2.24543339908123,
    2.170431823283434,
    2.1409889813512564,
    2.118245556205511,
    2.0895666759461164,
    2.088529473543167,
    2.080144748464227,
    2.0661621417850258,
    2.0646453484892846,
    2.060093890875578,
    2.060743056982756
  ],
  "train_errs_ra": [
    3.3024702303111555,
    2.9296018704771996,
    2.740322027603785,
    2.6165998704731463,
    2.527366261035204,
    2.4629700477545464,
    2.4137236918189697,
    2.373204064834863,
    2.341573554691341,
    2.31543067406863,
    2.292769898406484,
    2.2737595192467173,
    2.2573237016797068,
    2.243282227058496
  ],
  "valid_errs": [
    2.6444490912118352,
    2.4488765228949734,
    2.326662440851737,
    2.237004249736634,
    2.2035568271097477,
    2.1902542740022475,
    2.149446586936049,
    2.114677037516893,
    2.160424305376643,
    2.099520022385395,
    2.128773875952739,
    2.160307947091826,
    2.0850790126378276,
    2.119735631870977
  ]
}