{
  "times": [
    1836,
    3668,
    5500,
    7336,
    10392,
    12238,
    14123,
    15967,
    17851
  ],
  "epochs": [
    1,
    1,
    1,
    1,
    2,
    2,
    2,
    2,
    2
  ],
  "batches": [
    500,
    1000,
    1500,
    2000,
    2500,
    3000,
    3500,
    4000,
    4500
  ],
  "train_errs": [
    5.225818009936297,
    2.2766912437399345,
    1.949300122992488,
    1.8449416097365166,
    1.8463931983442479,
    1.7653102794382791,
    1.7299215841046145,
    1.717921607461282,
    1.718823490329816
  ],
  "valid_errs": [
    3.0055300506180282,
    2.227654075488709,
    2.068136604192841,
    2.0233568390324908,
    1.9086311918904955,
    1.9275145653476746,
    1.8937661922108122,
    1.887305578369782,
    1.8474897639397234
  ],
  "batches_per_epoch": 2400
}