{
  "times": [
    1836,
    3668,
    5500,
    7336
  ],
  "epochs": [
    1,
    1,
    1,
    1
  ],
  "batches": [
    500,
    1000,
    1500,
    2000
  ],
  "train_errs": [
    5.225818009936297,
    2.2766912437399345,
    1.949300122992488,
    1.8449416097365166
  ],
  "valid_errs": [
    3.0055300506180282,
    2.227654075488709,
    2.068136604192841,
    2.0233568390324908
  ],
  "batches_per_epoch": 2400
}