{
  "times": [
    14,
    29,
    45,
    60,
    75,
    90,
    105,
    120,
    136,
    151,
    166,
    181,
    196,
    211
  ],
  "epochs": [
    1,
    1,
    2,
    2,
    2,
    3,
    3,
    3,
    4,
    4,
    4,
    5,
    5,
    5
  ],
  "batches": [
    640,
    1280,
    1920,
    2560,
    3200,
    3840,
    4480,
    5120,
    5760,
    6400,
    7040,
    7680,
    8320,
    8960
  ],
  "train_errs": [
    11.482303170114756,
    3.531381190568209,
    3.101937409117818,
    2.817525716125965,
    2.652078413963318,
    2.575634004548192,
    2.482843121141195,
    2.446093074604869,
    2.415732336603105,
    2.3668203584849836,
    2.3202692812308667,
    2.3288780745118856,
    2.465248371660709,
    2.2887998154386877
  ],
  "train_errs_ra": [
    11.482303170114756,
    7.506842180341483,
    6.038540589933595,
    5.2332868714816865,
    4.7170451799780135,
    4.360143317406377,
    4.091957575082779,
    3.8862245125230395,
    3.7228364929763798,
    3.5872348795272404,
    3.4720561887730246,
    3.3767913459179293,
    3.3066726555904506,
    3.2339674527224678
  ],
  "valid_errs": [
    4.591838030128802,
    3.147671992444588,
    2.9196221693887647,
    2.7786036551503335,
    2.599972072010991,
    5.885658100728668,
    2.499495750013359,
    2.5926464783730423,
    2.3975219494797813,
    2.4455375775307013,
    179.39436747759402,
    2.891329188749087,
    2.3758445010360187,
    2.3613566390845273
  ]
}