{
  "times": [
    14,
    29,
    45,
    60,
    75,
    90,
    105,
    119,
    135,
    150,
    164,
    179,
    194,
    208
  ],
  "epochs": [
    1,
    1,
    2,
    2,
    2,
    3,
    3,
    3,
    4,
    4,
    4,
    5,
    5,
    5
  ],
  "batches": [
    640,
    1280,
    1920,
    2560,
    3200,
    3840,
    4480,
    5120,
    5760,
    6400,
    7040,
    7680,
    8320,
    8960
  ],
  "train_errs": [
    2.3493728710338475,
    2.180181814916432,
    2.1615856520831587,
    2.1462084967643023,
    2.1330784669145944,
    2.1350126354023815,
    2.13836917206645,
    2.1229679802432657,
    2.134748694486916,
    2.1370185747742654,
    2.1251208443194627,
    2.132323519140482,
    2.1353695768862964,
    2.1319136658683417
  ],
  "train_errs_ra": [
    2.3493728710338475,
    2.2647773429751394,
    2.230380112677812,
    2.2093372086994347,
    2.1940854603424667,
    2.1842399895191194,
    2.1776870155973094,
    2.170847136178054,
    2.166836198212372,
    2.1638544358685614,
    2.1603332002731888,
    2.1579990601787964,
    2.156258330694758,
    2.1545194260642995
  ],
  "valid_errs": [
    2.2167306920509424,
    2.1723527672074736,
    2.172505454158813,
    2.144729067293145,
    2.1395712428871985,
    2.1710504320730197,
    2.153443583503118,
    2.158935298512968,
    2.150363324988632,
    2.1356369410610827,
    2.152766221890669,
    2.1654247751651643,
    2.158597600762842,
    2.141309274405512
  ]
}