{
  "times": [
    15,
    30,
    45,
    60,
    75,
    90,
    105,
    120,
    136,
    150,
    165,
    180,
    195,
    210
  ],
  "epochs": [
    1,
    1,
    2,
    2,
    2,
    3,
    3,
    3,
    4,
    4,
    4,
    5,
    5,
    5
  ],
  "batches": [
    640,
    1280,
    1920,
    2560,
    3200,
    3840,
    4480,
    5120,
    5760,
    6400,
    7040,
    7680,
    8320,
    8960
  ],
  "train_errs": [
    13.352547908201814,
    2.9547891046851875,
    2.4738417986780403,
    2.361881132051349,
    2.2948478616774084,
    2.271914934553206,
    2.259594470821321,
    2.2196052704006433,
    2.2229989659041167,
    2.215482513606548,
    2.205141146108508,
    2.223426908068359,
    2.228308108821511,
    2.2351631982252003
  ],
  "train_errs_ra": [
    13.352547908201814,
    8.1536685064435,
    6.260392937188346,
    5.2857649859040965,
    4.687581561058759,
    4.284970456641167,
    3.9956310300954745,
    3.7736278101336205,
    3.6013357163303423,
    3.462750396057963,
    3.348422282426194,
    3.254672667896375,
    3.175721547967539,
    3.1085388087002293
  ],
  "valid_errs": [
    3.486136445359176,
    2.672401442801403,
    2.4722032893896477,
    2.423953922985863,
    2.36388242898895,
    2.761255966603999,
    2.3798484967471887,
    2.381688932372171,
    2.4370933400683734,
    2.383050849273983,
    141.50397793616423,
    149.19017246996358,
    440.31067162002654,
    2.528539448032636
  ]
}