{
  "times": [
    2,
    5,
    7,
    10,
    12,
    15,
    17,
    20,
    22,
    25,
    27,
    30,
    32,
    34,
    37,
    40,
    42,
    45,
    47,
    50,
    53,
    55,
    58,
    61,
    63,
    66,
    68,
    71
  ],
  "epochs": [
    1,
    1,
    2,
    2,
    2,
    3,
    3,
    3,
    4,
    4,
    4,
    5,
    5,
    5,
    6,
    6,
    7,
    7,
    7,
    8,
    8,
    8,
    9,
    9,
    9,
    10,
    10,
    10
  ],
  "batches": [
    80,
    160,
    240,
    320,
    400,
    480,
    560,
    640,
    720,
    800,
    880,
    960,
    1040,
    1120,
    1200,
    1280,
    1360,
    1440,
    1520,
    1600,
    1680,
    1760,
    1840,
    1920,
    2000,
    2080,
    2160,
    2240
  ],
  "train_errs": [
    3.7238618969917296,
    3.228477808833122,
    3.0691396236419677,
    3.0720589727163317,
    3.04478135406971,
    3.065249025821686,
    3.0617193639278413,
    3.044069251418114,
    3.0554676741361617,
    3.0610373675823213,
    3.0243414282798766,
    3.063099631667137,
    3.0367967575788497,
    3.0218582302331924,
    3.0475848436355593,
    3.0231647819280623,
    3.013460984826088,
    3.0224830716848374,
    2.9906193166971207,
    2.987053880095482,
    2.978299307823181,
    2.937301990389824,
    2.921527847647667,
    2.8951125890016556,
    2.869059610366821,
    2.8616609901189802,
    2.8170480996370317,
    2.7696013122797014
  ],
  "train_errs_ra": [
    3.7238618969917296,
    3.4761698529124256,
    3.3404931098222725,
    3.273384575545787,
    3.227663931250572,
    3.2005947803457575,
    3.180755435143198,
    3.1636696621775626,
    3.151647219061851,
    3.142586233913898,
    3.131836706128987,
    3.1261086165904994,
    3.1192384735896037,
    3.112282741921289,
    3.1079695487022403,
    3.102669250778854,
    3.097421705722809,
    3.093258448276255,
    3.0878563887194583,
    3.0828162632882594,
    3.07783926540897,
    3.071451207453554,
    3.064932800505472,
    3.0578569583594795,
    3.050305064439773,
    3.043049523119742,
    3.0346791000277893,
    3.025212036179643
  ],
  "valid_errs": [
    3.0968595786167934,
    3.114906978367937,
    3.1523686251546117,
    3.0677633056748284,
    3.1197092851601114,
    3.115366923244592,
    3.049315494966193,
    3.099525560066221,
    3.0558436360991683,
    3.0595800315896406,
    3.0358998863702285,
    3.0284912554811783,
    3.105797960601955,
    2.9958836308614183,
    3.10624147986648,
    3.015804143563525,
    3.06426488900865,
    3.0173976363041213,
    2.9899919732830376,
    3.1074432303966044,
    2.987854537787427,
    3.0093006713893504,
    2.8833942756491346,
    2.958642094439569,
    2.8784595786609333,
    2.9293873004309248,
    2.9086628402800874,
    2.81784709773119
  ]
}