{
  "times": [
    1525,
    3042,
    4557,
    6076
  ],
  "epochs": [
    1,
    1,
    1,
    1
  ],
  "batches": [
    500,
    1000,
    1500,
    2000
  ],
  "train_errs": [
    4.459941126083626,
    2.019284562882517,
    1.8563737443821904,
    1.830791566186024
  ],
  "valid_errs": [
    2.3873411186686306,
    2.084775195597465,
    2.020478666374639,
    2.03838663506797
  ],
  "batches_per_epoch": 2400
}