{
  "times": [
    1531,
    3061,
    4584,
    6109,
    8840,
    10370,
    11893,
    13422,
    14947
  ],
  "epochs": [
    1,
    1,
    1,
    1,
    2,
    2,
    2,
    2,
    2
  ],
  "batches": [
    500,
    1000,
    1500,
    2000,
    2500,
    3000,
    3500,
    4000,
    4500
  ],
  "train_errs": [
    4.050091409588707,
    1.9616970056690324,
    1.8335082000114684,
    1.8168553696472327,
    1.938774046266182,
    1.7811279974783527,
    1.7507225520801286,
    1.7143254361291633,
    2.60197695493931
  ],
  "valid_errs": [
    2.277626261301933,
    2.0503620329827386,
    1.9944881902724432,
    2.695623356373685,
    1.8837935397895826,
    1.8902666892310558,
    1.8896152903223877,
    1.8741916978720081,
    1.9735659852769865
  ],
  "batches_per_epoch": 2400
}