{
  "times": [
    14,
    28,
    43,
    57,
    71,
    85,
    99,
    114,
    128,
    142,
    157,
    172,
    187,
    201
  ],
  "epochs": [
    1,
    1,
    2,
    2,
    2,
    3,
    3,
    3,
    4,
    4,
    4,
    5,
    5,
    5
  ],
  "batches": [
    640,
    1280,
    1920,
    2560,
    3200,
    3840,
    4480,
    5120,
    5760,
    6400,
    7040,
    7680,
    8320,
    8960
  ],
  "train_errs": [
    2.547957550548017,
    2.1638420417904856,
    2.1294318791478872,
    2.1153637511655687,
    2.105140497907996,
    2.1119624990969896,
    2.110192118957639,
    2.0918724767863752,
    2.1091027580201627,
    2.118419198319316,
    2.1144173249602316,
    2.1173105170950293,
    2.1514898439869286,
    2.1401580622419716
  ],
  "train_errs_ra": [
    2.547957550548017,
    2.3558997961692514,
    2.280410490495463,
    2.23914880566299,
    2.212347144111991,
    2.195616369942824,
    2.183412905516369,
    2.1719703519251197,
    2.1649850637134573,
    2.160328477174043,
    2.1561547360636966,
    2.1529177178163077,
    2.152807881367894,
    2.1519043228588997
  ],
  "valid_errs": [
    2.2329888391659227,
    2.156576968764541,
    2.137279969915472,
    2.1239023485240534,
    2.133202455678529,
    2.162367499409218,
    2.1518017423306186,
    2.151869976920519,
    2.138085151847607,
    2.1201242515382144,
    2.198841268270881,
    2.249049865478032,
    2.1986783819536537,
    2.1614038194747285
  ]
}