{
  "times": [
    14,
    29,
    44,
    59,
    74,
    90,
    104,
    119,
    135,
    150,
    165,
    180,
    195,
    210
  ],
  "epochs": [
    1,
    1,
    2,
    2,
    2,
    3,
    3,
    3,
    4,
    4,
    4,
    5,
    5,
    5
  ],
  "batches": [
    640,
    1280,
    1920,
    2560,
    3200,
    3840,
    4480,
    5120,
    5760,
    6400,
    7040,
    7680,
    8320,
    8960
  ],
  "train_errs": [
    6.136505635827779,
    3.2748737152665854,
    2.626343523710966,
    2.357419443689287,
    2.2289661748334764,
    2.2067752957344053,
    2.1955510722473264,
    2.180088254623115,
    2.1982534978538752,
    2.1801017781719567,
    2.186461543291807,
    2.1994324205443263,
    2.2025907268747686,
    2.2087942684069275
  ],
  "train_errs_ra": [
    6.136505635827779,
    4.705689675547182,
    4.012574291601776,
    3.598785579623654,
    3.3248216986656187,
    3.138480631510417,
    3.0037764087585463,
    2.9008153894916173,
    2.8227529570874235,
    2.758487839195877,
    2.7064854486591434,
    2.6642310296495753,
    2.6287202371284364,
    2.5987255250769
  ],
  "valid_errs": [
    3.571313692582143,
    2.712509793224436,
    2.4335140094147016,
    2.297361205311246,
    2.2947949965421066,
    2.250099953456746,
    2.2122544493186282,
    2.42514428302912,
    2.2527033581409235,
    2.9141035360316567,
    2.3822140460404606,
    2.303448411505512,
    2.453678226276564,
    958.1974875497085
  ]
}