{
  "times": [
    7,
    15,
    22,
    30,
    37,
    45,
    52,
    60,
    68,
    75,
    83,
    91,
    99,
    107
  ],
  "epochs": [
    1,
    1,
    2,
    2,
    2,
    3,
    3,
    3,
    4,
    4,
    4,
    5,
    5,
    5
  ],
  "batches": [
    320,
    640,
    960,
    1280,
    1600,
    1920,
    2240,
    2560,
    2880,
    3200,
    3520,
    3840,
    4160,
    4480
  ],
  "train_errs": [
    7.839659261703491,
    5.199270610511303,
    5.256159219145775,
    5.24531789496541,
    5.404818050563335,
    5.083695520460606,
    4.445774426311255,
    5.629415275901556,
    4.44671251475811,
    4.037821063399315,
    4.123362068086863,
    3.8632193095982075,
    3.460796234756708,
    3.003167600184679
  ],
  "train_errs_ra": [
    7.839659261703491,
    6.519464936107397,
    6.098363030453522,
    5.885101746581494,
    5.789045007377863,
    5.671486759558321,
    5.496384997665883,
    5.513013782445342,
    5.394535863813427,
    5.258864383772016,
    5.155636900527911,
    5.047935434617102,
    4.92584780385861,
    4.788513503596186
  ],
  "valid_errs": [
    5.121277282962458,
    5.687753427361351,
    7.428368611035208,
    5.737555759085424,
    4.753129075559638,
    5.0242532142167855,
    3.563507566933499,
    4.956952631380088,
    3.580588966224888,
    3.70978899135153,
    3.7251510974492876,
    3.595601808542591,
    2.9541945545678603,
    2.7991709097607753
  ]
}