{
  "times": [
    14,
    29,
    44,
    59,
    74,
    89,
    104,
    119,
    135,
    150,
    164,
    180,
    195,
    209
  ],
  "epochs": [
    1,
    1,
    2,
    2,
    2,
    3,
    3,
    3,
    4,
    4,
    4,
    5,
    5,
    5
  ],
  "batches": [
    640,
    1280,
    1920,
    2560,
    3200,
    3840,
    4480,
    5120,
    5760,
    6400,
    7040,
    7680,
    8320,
    8960
  ],
  "train_errs": [
    2.413028224930167,
    2.2584667621180414,
    2.244260344095528,
    2.219455886632204,
    2.2029468186199663,
    2.2050989327952264,
    2.205308801680803,
    2.1880998961627482,
    2.2031143799424173,
    2.197327714972198,
    2.1904622800648212,
    2.193689100630581,
    2.190170476958156,
    2.1893290273845194
  ],
  "train_errs_ra": [
    2.413028224930167,
    2.3357474935241043,
    2.305251777047912,
    2.283802804443985,
    2.2676316072791813,
    2.257209494865189,
    2.249795110124562,
    2.242083208379335,
    2.237753338553011,
    2.23371077619493,
    2.2297790947285563,
    2.2267715952203915,
    2.2239561245848347,
    2.2214827604990983
  ],
  "valid_errs": [
    2.2965782721912125,
    2.259109633886242,
    2.2282990525605424,
    2.226299092552063,
    2.2047219157555364,
    2.2485740253565716,
    2.2397201906068456,
    2.1831790070131527,
    2.2191464548090027,
    2.2099728920722166,
    2.2181354892332377,
    2.2039037283104617,
    2.2001677701076248,
    2.1990839099016783
  ]
}