{
  "times": [
    2,
    4,
    7,
    9,
    12,
    14,
    16,
    19,
    21,
    24,
    26,
    29,
    31,
    33,
    36,
    38,
    41,
    43,
    46,
    48,
    51,
    53,
    56,
    58,
    60,
    63,
    65,
    68,
    70,
    72,
    75,
    77,
    80,
    82,
    84,
    87,
    89,
    92,
    94,
    97,
    99
  ],
  "epochs": [
    1,
    1,
    2,
    2,
    3,
    3,
    4,
    4,
    5,
    5,
    6,
    6,
    7,
    7,
    8,
    8,
    9,
    9,
    10,
    10,
    11,
    11,
    12,
    12,
    12,
    13,
    13,
    14,
    14,
    15,
    15,
    16,
    16,
    17,
    17,
    18,
    18,
    19,
    19,
    20,
    20
  ],
  "batches": [
    100,
    200,
    300,
    400,
    500,
    600,
    700,
    800,
    900,
    1000,
    1100,
    1200,
    1300,
    1400,
    1500,
    1600,
    1700,
    1800,
    1900,
    2000,
    2100,
    2200,
    2300,
    2400,
    2500,
    2600,
    2700,
    2800,
    2900,
    3000,
    3100,
    3200,
    3300,
    3400,
    3500,
    3600,
    3700,
    3800,
    3900,
    4000,
    4100
  ],
  "train_errs": [
    3.2436001467704774,
    3.112340874671936,
    2.971142463684082,
    2.7824630761146545,
    2.6450700521469117,
    2.53114798784256,
    2.443288223743439,
    2.3677837872505187,
    2.2982014060020446,
    2.2547684264183045,
    2.197790182828903,
    2.179031505584717,
    2.127863485813141,
    2.115535880327225,
    2.0514888262748716,
    2.061743667125702,
    2.000699280500412,
    2.009931480884552,
    1.9568355333805085,
    1.9591244959831238,
    1.920879648923874,
    1.9044498312473297,
    1.893946613073349,
    1.8744773578643799,
    1.8591051042079925,
    1.843486111164093,
    1.829711413383484,
    1.8181744647026061,
    1.8024934363365173,
    1.7858839643001556,
    1.7807239770889283,
    1.7571095144748687,
    1.7560525751113891,
    1.7304394376277923,
    1.7432407605648041,
    1.7109572684764862,
    1.7249732112884522,
    1.6820623290538788,
    1.7136096858978271,
    1.6644441449642182,
    1.6946541023254396
  ],
  "train_errs_ra": [
    3.2436001467704774,
    3.177970510721207,
    3.1090278283754986,
    3.0273866403102874,
    2.9509233226776126,
    2.8809607668717705,
    2.818436117853437,
    2.7621045765280723,
    2.7105597798029577,
    2.6649806444644923,
    2.6225087843158024,
    2.585552344421545,
    2.5503455091439755,
    2.5192876785142078,
    2.488101088364919,
    2.4614537495374678,
    2.4343505454764647,
    2.4107717085546914,
    2.386880330913945,
    2.3654925391674038,
    2.3443204967748548,
    2.324326375614513,
    2.3056142120257666,
    2.287650176435709,
    2.2705083735466003,
    2.2540844403780422,
    2.238366920859725,
    2.223360047425542,
    2.208847405663852,
    2.194748624285062,
    2.1813929905045417,
    2.168134131878614,
    2.155646811976577,
    2.1431407127310247,
    2.1317149998119898,
    2.1200272850526702,
    2.109350147923908,
    2.098105731637854,
    2.088246858670161,
    2.0776517908275123,
    2.0683103837908763
  ],
  "valid_errs": [
    3.1761813163757324,
    3.08860772642596,
    2.887204540186915,
    2.7575334022785056,
    2.612349427979568,
    2.518093072134873,
    2.4348216878956763,
    2.3668937518678863,
    2.302438682523267,
    2.27046590837939,
    2.2600718572221954,
    2.18964919961732,
    2.1699741626607962,
    2.1333238174175393,
    2.103223496469958,
    2.0773442531454154,
    2.0620980879356123,
    2.0320570674435845,
    2.0073163468262245,
    1.9889121548882847,
    1.9797237207149636,
    1.9653504552512333,
    2.103887040039589,
    1.9322141614453545,
    1.9095871242983589,
    1.8916368463943745,
    1.8659028534231514,
    1.8850951297529812,
    1.8500444436895436,
    1.854134557576015,
    1.8328418752242779,
    1.8413311078630645,
    1.830198201639899,
    1.8316154253893886,
    1.8153847558745022,
    1.8058764482366627,
    1.8154557799470836,
    1.7934200619829113,
    1.7900456662835746,
    1.7970056081640309,
    1.7993394855795235
  ]
}