{
  "times": [
    7,
    14,
    22,
    30,
    38,
    46,
    53,
    61,
    69,
    77,
    85,
    93,
    101,
    108
  ],
  "epochs": [
    1,
    1,
    2,
    2,
    2,
    3,
    3,
    3,
    4,
    4,
    4,
    5,
    5,
    5
  ],
  "batches": [
    320,
    640,
    960,
    1280,
    1600,
    1920,
    2240,
    2560,
    2880,
    3200,
    3520,
    3840,
    4160,
    4480
  ],
  "train_errs": [
    2.5108484089374543,
    2.2556912541389464,
    2.2326796911656857,
    2.2058735743165014,
    2.181702279299498,
    2.182055713236332,
    2.1664502575993536,
    2.1512591648846864,
    2.1638484366238115,
    2.1556384585797788,
    2.150680451840162,
    2.1492834590375423,
    2.142525762692094,
    2.145336201786995
  ],
  "train_errs_ra": [
    2.5108484089374543,
    2.3832698315382004,
    2.333073118080695,
    2.3012732321396467,
    2.277359041571617,
    2.261475153515736,
    2.247900168384824,
    2.2358200429473065,
    2.2278231978002516,
    2.2206047238782043,
    2.214247971874746,
    2.2088342624716457,
    2.2037336086424495,
    2.1995623652956313
  ],
  "valid_errs": [
    2.322286818460373,
    2.265631643721735,
    2.234362692846404,
    2.2410067128851034,
    2.2204788238810087,
    2.2240338498202563,
    2.1898454300248535,
    2.1977095298910636,
    2.1904632262429984,
    2.172004099511248,
    2.1933880997661066,
    2.1680524129410004,
    2.1596219152371012,
    2.164152510302984
  ]
}