{
  "times": [
    764,
    1767,
    2766,
    3765,
    4764,
    5525,
    6531,
    7533,
    8533,
    9535,
    10535,
    11300
  ],
  "epochs": [
    1,
    2,
    3,
    4,
    5,
    5,
    6,
    7,
    8,
    9,
    10,
    10
  ],
  "batches": [
    500,
    1000,
    1500,
    2000,
    2500,
    3000,
    3500,
    4000,
    4500,
    5000,
    5500,
    6000
  ],
  "train_errs": [
    5.61812620254793,
    3.315387376640502,
    2.537705792125589,
    2.1937446781775227,
    2.0013032432446267,
    1.9000257355452832,
    1.8295706493087656,
    1.7866842664332137,
    1.750300712346161,
    1.738288895729213,
    1.7136821030348381,
    1.6918430842390355
  ],
  "valid_errs": [
    4.007182355616154,
    2.8411215402067453,
    2.4371475600716956,
    2.190407235997518,
    2.0270033188156313,
    1.9470235893309482,
    1.9253189049798587,
    1.9116604229299927,
    1.9384321882678772,
    1.925681410011347,
    1.9082076098002925,
    1.9416692397030242
  ],
  "batches_per_epoch": 600
}