{
  "times": [
    764,
    1767,
    2766,
    3765,
    4764,
    5525
  ],
  "epochs": [
    1,
    2,
    3,
    4,
    5,
    5
  ],
  "batches": [
    500,
    1000,
    1500,
    2000,
    2500,
    3000
  ],
  "train_errs": [
    5.61812620254793,
    3.315387376640502,
    2.537705792125589,
    2.1937446781775227,
    2.0013032432446267,
    1.9000257355452832
  ],
  "valid_errs": [
    4.007182355616154,
    2.8411215402067453,
    2.4371475600716956,
    2.190407235997518,
    2.0270033188156313,
    1.9470235893309482
  ],
  "batches_per_epoch": 600
}