{
  "times": [
    14,
    28,
    43,
    58,
    73,
    88,
    103,
    118,
    133,
    148,
    163,
    178,
    193,
    208
  ],
  "epochs": [
    1,
    1,
    2,
    2,
    2,
    3,
    3,
    3,
    4,
    4,
    4,
    5,
    5,
    5
  ],
  "batches": [
    640,
    1280,
    1920,
    2560,
    3200,
    3840,
    4480,
    5120,
    5760,
    6400,
    7040,
    7680,
    8320,
    8960
  ],
  "train_errs": [
    6.293340134993196,
    2.4068522695451975,
    2.2494740491732954,
    2.1858992386609315,
    2.1516716346144675,
    2.1449690591543913,
    2.1455634659156204,
    2.125154469721019,
    2.137928365543485,
    2.1431130288168787,
    2.14034580681473,
    2.159371258318424,
    2.1480557901784776,
    2.1654717687517406
  ],
  "train_errs_ra": [
    6.293340134993196,
    4.350096202269197,
    3.6498888179038964,
    3.2838914230931553,
    3.0574474653974177,
    2.90536773102358,
    2.7968242645795853,
    2.7128655402222646,
    2.648983631924622,
    2.598396571613848,
    2.556755592995746,
    2.523640231772636,
    2.494749120880778,
    2.471229310014418
  ],
  "valid_errs": [
    4.625166842465716,
    2.38890680170762,
    2.3568551849145134,
    2.255378382599963,
    2.222349749421879,
    2.2130278101084038,
    2.18109784308703,
    2.249593142021708,
    646.3796498205043,
    97.55858825822354,
    2.184874051414937,
    552.9926134087367,
    2.3066351980428856,
    2.2814913684950238
  ]
}