{
  "times": [
    4,
    8,
    13,
    17,
    21,
    26,
    30,
    34,
    39,
    43,
    47,
    51,
    55,
    59
  ],
  "epochs": [
    1,
    1,
    2,
    2,
    2,
    3,
    3,
    3,
    4,
    4,
    4,
    5,
    5,
    5
  ],
  "batches": [
    160,
    320,
    480,
    640,
    800,
    960,
    1120,
    1280,
    1440,
    1600,
    1760,
    1920,
    2080,
    2240
  ],
  "train_errs": [
    2.734051287174225,
    2.176201532781124,
    2.1296253949403763,
    2.097936125844717,
    2.0732769414782526,
    2.067079572379589,
    2.0579607121646406,
    2.04002390652895,
    2.042692741751671,
    2.0348663121461867,
    2.0292515970766543,
    2.021348587423563,
    2.01389721930027,
    2.0139732480049135
  ],
  "train_errs_ra": [
    2.734051287174225,
    2.4551264099776744,
    2.346626071631908,
    2.28445358518511,
    2.2422182564437385,
    2.2130284757663805,
    2.190875938108989,
    2.1720194341614842,
    2.157649801671505,
    2.1453714527189733,
    2.1348151022060353,
    2.125359559307496,
    2.116785533153094,
    2.1094417984996525
  ],
  "valid_errs": [
    2.2750413805835112,
    2.2016241432320327,
    2.1674445457464477,
    2.1408121506597375,
    2.126493754825012,
    2.140985398054796,
    2.113614817852883,
    2.1096179903245114,
    2.090369683666714,
    2.0917681310946157,
    2.0897118074836385,
    2.0803490042424793,
    2.070934612723345,
    2.059077424590361
  ]
}