{
  "times": [
    7,
    15,
    23,
    31,
    38,
    46,
    53,
    61,
    68,
    76,
    83,
    91,
    98,
    106
  ],
  "epochs": [
    1,
    1,
    2,
    2,
    2,
    3,
    3,
    3,
    4,
    4,
    4,
    5,
    5,
    5
  ],
  "batches": [
    320,
    640,
    960,
    1280,
    1600,
    1920,
    2240,
    2560,
    2880,
    3200,
    3520,
    3840,
    4160,
    4480
  ],
  "train_errs": [
    2.5111850827932356,
    2.25901144631207,
    2.2325172584503887,
    2.208408980444074,
    2.1857947681099175,
    2.1829274255782365,
    2.174415462091565,
    2.156931145116687,
    2.1643157199025156,
    2.163026701658964,
    2.1536015436053275,
    2.1546956822276115,
    2.1487317141145468,
    2.1520363163203
  ],
  "train_errs_ra": [
    2.5111850827932356,
    2.385098264552653,
    2.3342379291852313,
    2.302780691999942,
    2.2793835072219375,
    2.263307493614654,
    2.2506086319684986,
    2.2388989461120223,
    2.2306119209776325,
    2.223853399045766,
    2.2174668667329986,
    2.212235934690883,
    2.2073509946465495,
    2.2033999461946747
  ],
  "valid_errs": [
    2.3152787591940784,
    2.2606926805437,
    2.229472933461502,
    2.2255331995196386,
    2.195674840840997,
    2.19633556227207,
    2.1948128651959578,
    2.1948235169515673,
    2.212012772501805,
    2.1829853017489413,
    2.1912997493402977,
    2.195803883158701,
    2.1692207720108487,
    2.183428087515605
  ]
}