{
  "times": [
    14,
    29,
    45,
    59,
    74,
    89,
    104,
    119,
    134,
    149,
    163,
    179,
    193,
    208
  ],
  "epochs": [
    1,
    1,
    2,
    2,
    2,
    3,
    3,
    3,
    4,
    4,
    4,
    5,
    5,
    5
  ],
  "batches": [
    640,
    1280,
    1920,
    2560,
    3200,
    3840,
    4480,
    5120,
    5760,
    6400,
    7040,
    7680,
    8320,
    8960
  ],
  "train_errs": [
    2.5732597317546606,
    2.175312098674476,
    2.1411515649408104,
    2.11989403758198,
    2.101715743727982,
    2.1092127883806824,
    2.1112729001790287,
    2.0951143054291608,
    2.1141633804887534,
    2.1244379732757808,
    2.1102491764351727,
    2.127135571092367,
    2.1308262892067433,
    2.1256875410676
  ],
  "train_errs_ra": [
    2.5732597317546606,
    2.3742859152145686,
    2.2965744651233155,
    2.252404358237982,
    2.222266635335982,
    2.2034243275100986,
    2.1902598378913742,
    2.1783666463335973,
    2.1712329501286147,
    2.166553452443331,
    2.161434881897135,
    2.1585766059967377,
    2.156441966243661,
    2.1542452215882286
  ],
  "valid_errs": [
    2.2205707135713375,
    2.177806309601026,
    2.133422539801611,
    2.127773542544729,
    2.1193890824292514,
    2.130094500984582,
    2.132748643669375,
    2.1675406975146556,
    2.144926130603421,
    2.1347476630122655,
    2.1764380626074384,
    2.205512192676194,
    2.1418965976041626,
    2.152940760962677
  ]
}