{
  "cwd": "/afs/inf.ed.ac.uk/user/s14/s1449692/studies/fyp/project/char-rnn-experiments",
  "0": {
    "train_loss": 4.123585327947681,
    "valid_loss": 4.121249816068741
  },
  "best": {
    "valid_loss": 1.6810059425960528,
    "index": 12,
    "hyperparams": {
      "adapt": true,
      "delta": 0.01,
      "n": 7
    }
  },
  "1": {
    "train_loss": 4.123585185045237,
    "valid_loss": 4.121297344445384
  },
  "2": {
    "train_loss": 3.4361964459839336,
    "valid_loss": 3.4323374836549156
  },
  "3": {
    "train_loss": 3.4361925512622626,
    "valid_loss": 3.432692649349159
  },
  "4": {
    "train_loss": 2.87917706942275,
    "valid_loss": 2.862996331910252
  },
  "5": {
    "train_loss": 2.879095599032234,
    "valid_loss": 2.864735212899189
  },
  "6": {
    "train_loss": 2.318315039955167,
    "valid_loss": 2.2967139675629094
  },
  "7": {
    "train_loss": 2.317625830372741,
    "valid_loss": 2.3043010612457113
  },
  "8": {
    "train_loss": 1.926004444811475,
    "valid_loss": 1.9140434220857199
  },
  "9": {
    "train_loss": 1.9229797945234794,
    "valid_loss": 1.9294543802220832
  },
  "10": {
    "train_loss": 1.698807119414003,
    "valid_loss": 1.7340171896099166
  },
  "11": {
    "train_loss": 1.6906264708998253,
    "valid_loss": 1.759319362657404
  },
  "12": {
    "train_loss": 1.5459983120033598,
    "valid_loss": 1.6810059425960528
  },
  "13": {
    "train_loss": 1.5303876661267835,
    "valid_loss": 1.7181165601360653
  },
  "14": {
    "train_loss": 1.412507117656077,
    "valid_loss": 1.705418660436214
  },
  "15": {
    "train_loss": 1.389285095941903,
    "valid_loss": 1.755057267231483
  },
  "16": {
    "train_loss": 1.2853558450990779,
    "valid_loss": 1.7992679642746008
  },
  "17": {
    "train_loss": 1.2548542444353998,
    "valid_loss": 1.8608696262234397
  },
  "18": {
    "train_loss": 1.1593461109931242,
    "valid_loss": 1.9560636460576102
  },
  "19": {
    "train_loss": 1.1229317034110584,
    "valid_loss": 2.0289878819358336
  },
  "experiment_duration_min": 1739.2044102946918
}