{
  "cwd": "/afs/inf.ed.ac.uk/user/s14/s1449692/studies/fyp/project/char-rnn-experiments",
  "0": {
    "train_loss": 4.395280761865415,
    "valid_loss": 4.558528146604563
  },
  "best": {
    "valid_loss": 3.553816142186015,
    "index": 8,
    "hyperparams": {
      "adapt": true,
      "delta": 0.01,
      "n": 5
    }
  },
  "1": {
    "train_loss": 4.395225177647978,
    "valid_loss": 4.654394471565058
  },
  "2": {
    "train_loss": 3.399510384914733,
    "valid_loss": 3.954416741602161
  },
  "3": {
    "train_loss": 3.398594795383459,
    "valid_loss": 4.259493242763346
  },
  "4": {
    "train_loss": 2.6346441263508593,
    "valid_loss": 3.778615093685779
  },
  "5": {
    "train_loss": 2.630464194935963,
    "valid_loss": 4.74827770738128
  },
  "6": {
    "train_loss": 1.925740805371754,
    "valid_loss": 3.6167387638927333
  },
  "7": {
    "train_loss": 1.915295503156194,
    "valid_loss": 5.978881923114923
  },
  "8": {
    "train_loss": 1.532480685851863,
    "valid_loss": 3.553816142186015
  },
  "9": {
    "train_loss": 1.514083737618871,
    "valid_loss": 6.447868784254001
  },
  "10": {
    "train_loss": 1.330515018003711,
    "valid_loss": 3.844910959363838
  },
  "11": {
    "train_loss": 1.3052623913214658,
    "valid_loss": 6.38311606068973
  },
  "12": {
    "train_loss": 1.2042753156011583,
    "valid_loss": 4.3025272622943955
  },
  "13": {
    "train_loss": 1.1764109109951084,
    "valid_loss": 6.375705360906044
  },
  "14": {
    "train_loss": 1.115885571007213,
    "valid_loss": 4.7594621793032825
  },
  "15": {
    "train_loss": 1.0881923776396702,
    "valid_loss": 6.466795304363161
  },
  "experiment_duration_min": 0.9483168641726176
}