{
  "cwd": "/media/yasen/storage/studies/uoe/fyp/project/char-rnn-experiments",
  "0": {
    "train_loss": 4.395280761865415,
    "valid_loss": 4.554502523282496
  },
  "best": {
    "valid_loss": 3.5538212701787746,
    "index": 8,
    "hyperparams": {
      "adapt": true,
      "delta": 0.01,
      "n": 5
    }
  },
  "1": {
    "train_loss": 4.395225177647978,
    "valid_loss": 4.654394471565058
  },
  "2": {
    "train_loss": 3.399510384914733,
    "valid_loss": 3.956107392353803
  },
  "3": {
    "train_loss": 3.398594795383459,
    "valid_loss": 4.259493242763346
  },
  "4": {
    "train_loss": 2.6346441263508593,
    "valid_loss": 3.7782947212694387
  },
  "5": {
    "train_loss": 2.630464194935963,
    "valid_loss": 4.74827770738128
  },
  "6": {
    "train_loss": 1.925740805371754,
    "valid_loss": 3.6164258926570536
  },
  "7": {
    "train_loss": 1.915295503156194,
    "valid_loss": 5.978881923114923
  },
  "8": {
    "train_loss": 1.532480685851863,
    "valid_loss": 3.5538212701787746
  },
  "9": {
    "train_loss": 1.514083737618871,
    "valid_loss": 6.447868784254001
  },
  "10": {
    "train_loss": 1.330515018003711,
    "valid_loss": 3.844930675086654
  },
  "11": {
    "train_loss": 1.3052623913214658,
    "valid_loss": 6.38311606068973
  },
  "12": {
    "train_loss": 1.2042753156011583,
    "valid_loss": 4.3025272622943955
  },
  "13": {
    "train_loss": 1.1764109109951084,
    "valid_loss": 6.375705360906044
  },
  "14": {
    "train_loss": 1.115885571007213,
    "valid_loss": 4.7594621793032825
  },
  "15": {
    "train_loss": 1.0881923776396702,
    "valid_loss": 6.466795304363161
  },
  "experiment_duration_min": 1.1685176928838095
}