{
  "times": [
    4,
    9,
    14,
    18,
    23,
    28,
    33,
    37,
    42,
    47,
    52,
    57,
    61,
    66
  ],
  "epochs": [
    1,
    1,
    2,
    2,
    2,
    3,
    3,
    3,
    4,
    4,
    4,
    5,
    5,
    5
  ],
  "batches": [
    160,
    320,
    480,
    640,
    800,
    960,
    1120,
    1280,
    1440,
    1600,
    1760,
    1920,
    2080,
    2240
  ],
  "train_errs": [
    24.95161112844944,
    8.588916882872581,
    8.255060479044914,
    8.031200736761093,
    7.520069852471352,
    7.875704184174538,
    7.333326297998428,
    7.681200394034386,
    7.759237006306648,
    7.924061635136605,
    7.139220094680786,
    6.754125344753265,
    6.772104981541633,
    6.897899240255356
  ],
  "train_errs_ra": [
    24.95161112844944,
    16.770264005661012,
    13.931862830122313,
    12.456697306782008,
    11.469371815919878,
    10.870427210628987,
    10.365127080253192,
    10.029636244475842,
    9.777369662457042,
    9.592038859725,
    9.36905533563007,
    9.151144503057004,
    8.968141462940437,
    8.820267018462932
  ],
  "valid_errs": [
    9.077894426431353,
    8.3077594277701,
    8.607157739810937,
    9.275233878802267,
    8.892348180635105,
    7.959772745020601,
    6.767634746309881,
    7.5351822601287255,
    8.837548957494555,
    7.5086268006017045,
    5.990429671740001,
    6.198747698735129,
    8.107286980474358,
    9.145515728983694
  ]
}