{
  "times": [
    7,
    15,
    23,
    31,
    39,
    47,
    55,
    63,
    71,
    78,
    86,
    94,
    102,
    110
  ],
  "epochs": [
    1,
    1,
    2,
    2,
    2,
    3,
    3,
    3,
    4,
    4,
    4,
    5,
    5,
    5
  ],
  "batches": [
    320,
    640,
    960,
    1280,
    1600,
    1920,
    2240,
    2560,
    2880,
    3200,
    3520,
    3840,
    4160,
    4480
  ],
  "train_errs": [
    7.736836097389459,
    2.9159103319048882,
    3.296469159424305,
    4.977453371137381,
    4.36334161683917,
    4.343889206647873,
    4.125256446003914,
    3.9024337634444235,
    4.098870853334665,
    4.112216347455979,
    4.127015943825245,
    3.673089260607958,
    3.4522519446909428,
    3.3290405295789243
  ],
  "train_errs_ra": [
    7.736836097389459,
    5.326373214647174,
    4.649738529572884,
    4.7316672399640085,
    4.658002115339041,
    4.605649963890513,
    4.537022318478141,
    4.457698749098927,
    4.417828982902897,
    4.3872677193582055,
    4.363608467037027,
    4.306065199834604,
    4.240387257131246,
    4.175291062306081
  ],
  "valid_errs": [
    2.805320564576846,
    2.8036382154971315,
    3.3047223649603628,
    4.607188973915767,
    4.668335910126048,
    4.2525475532816435,
    4.159331178321252,
    4.0942382692131885,
    4.130962224842501,
    3.996491118186168,
    3.64770226188497,
    3.4963690018945446,
    3.069278587477078,
    3.054077069114166
  ]
}