{
  "times": [
    14,
    29,
    44,
    59,
    73,
    89,
    104,
    118,
    134,
    148,
    163,
    178,
    193,
    208
  ],
  "epochs": [
    1,
    1,
    2,
    2,
    2,
    3,
    3,
    3,
    4,
    4,
    4,
    5,
    5,
    5
  ],
  "batches": [
    640,
    1280,
    1920,
    2560,
    3200,
    3840,
    4480,
    5120,
    5760,
    6400,
    7040,
    7680,
    8320,
    8960
  ],
  "train_errs": [
    2.395291874743998,
    2.206212320923805,
    2.173378458805382,
    2.1517391096800567,
    2.1402973042801023,
    2.138717213459313,
    2.1359655203297736,
    2.123442243412137,
    2.1333472818136214,
    2.1299556739628316,
    2.133229544945061,
    2.1359748169779778,
    2.1301105482503773,
    2.1255010506138206
  ],
  "train_errs_ra": [
    2.395291874743998,
    2.3007520978339016,
    2.258294218157728,
    2.2316554410383103,
    2.213383813686669,
    2.200939380315443,
    2.1916574003174905,
    2.1831305057043213,
    2.1775990363831323,
    2.1728347001411024,
    2.1692342314869166,
    2.1664626136111718,
    2.163666300891111,
    2.1609402115855905
  ],
  "valid_errs": [
    2.2466491895545873,
    2.2017199723239824,
    2.1779704651663616,
    2.15090034635286,
    2.1327533464739785,
    2.177402804883979,
    2.161942349888756,
    2.134267887900189,
    2.1482282161862174,
    2.1571672736533047,
    2.151005977595925,
    2.1784665254860247,
    2.156194651825894,
    2.162504105031135
  ]
}