{
  "times": [
    2,
    5,
    8,
    10,
    13,
    16,
    18,
    21,
    23,
    26,
    28,
    31,
    34,
    36,
    39,
    42,
    44,
    47,
    50,
    52,
    55,
    57,
    60,
    63,
    65,
    68,
    71,
    73
  ],
  "epochs": [
    1,
    1,
    2,
    2,
    2,
    3,
    3,
    3,
    4,
    4,
    4,
    5,
    5,
    5,
    6,
    6,
    7,
    7,
    7,
    8,
    8,
    8,
    9,
    9,
    9,
    10,
    10,
    10
  ],
  "batches": [
    80,
    160,
    240,
    320,
    400,
    480,
    560,
    640,
    720,
    800,
    880,
    960,
    1040,
    1120,
    1200,
    1280,
    1360,
    1440,
    1520,
    1600,
    1680,
    1760,
    1840,
    1920,
    2000,
    2080,
    2160,
    2240
  ],
  "train_errs": [
    8.356689378619194,
    3.796984726190567,
    3.6592339307069777,
    3.598352074623108,
    3.539798617362976,
    3.5342975914478303,
    3.5164294064044954,
    3.9936963438987734,
    3.596386322379112,
    3.6308581948280336,
    3.5797719061374664,
    3.586063063144684,
    3.5935606479644777,
    3.528309905529022,
    3.636971566081047,
    3.5780991494655607,
    3.550358793139458,
    3.6326748728752136,
    3.506610843539238,
    3.645557963848114,
    3.5889165073633196,
    3.527652272582054,
    3.6121134579181673,
    3.603834939002991,
    3.553853362798691,
    3.606479802727699,
    3.5746706366539,
    3.559506121277809
  ],
  "train_errs_ra": [
    8.356689378619194,
    6.076837052404881,
    5.2709693451722455,
    4.852815027534961,
    4.5902117455005635,
    4.414226053158441,
    4.285969389336449,
    4.24943525865674,
    4.176874265737003,
    4.122272658646106,
    4.072954408418048,
    4.032380129645268,
    3.998624784900592,
    3.96503086494548,
    3.9431602450211845,
    3.920343926548958,
    3.898580095171928,
    3.8838075828221106,
    3.863955122859854,
    3.853035264909267,
    3.8404581812166025,
    3.826239730824123,
    3.8169298928716904,
    3.8080509364604946,
    3.7978830335140223,
    3.7905213707914713,
    3.7825268991567462,
    3.7745618713753553
  ],
  "valid_errs": [
    4.517079616497586,
    3.8802863333658126,
    3.8695087911343267,
    3.755023211362258,
    3.819070262944822,
    3.783432067393808,
    3.4350862162881004,
    3.5908776992314584,
    3.347232359036565,
    3.737254082651937,
    3.610415389224555,
    3.4917395038640624,
    3.5766131773978875,
    3.498998487283534,
    3.7154932072185805,
    3.676239094415702,
    3.554373158897192,
    3.480552973213447,
    3.7773034411113664,
    3.651356268990709,
    3.5901447145420766,
    3.487238006854962,
    3.48080390446909,
    3.317124065316632,
    3.3708897093763617,
    3.581238738718209,
    3.577738563107562,
    3.8178515313897026
  ]
}