{
  "times": [
    4,
    8,
    13,
    17,
    21,
    26,
    30,
    34,
    39,
    43,
    48,
    52,
    57,
    61
  ],
  "epochs": [
    1,
    1,
    2,
    2,
    2,
    3,
    3,
    3,
    4,
    4,
    4,
    5,
    5,
    5
  ],
  "batches": [
    160,
    320,
    480,
    640,
    800,
    960,
    1120,
    1280,
    1440,
    1600,
    1760,
    1920,
    2080,
    2240
  ],
  "train_errs": [
    6.213788039982319,
    3.604699322581291,
    3.5697859823703766,
    3.560301947593689,
    3.5212500005960465,
    3.544479216635227,
    3.5296911537647246,
    3.4653561860322952,
    3.4585815399885176,
    3.4588098615407943,
    3.3968807384371758,
    3.3968579292297365,
    3.343861286342144,
    3.306671218574047
  ],
  "train_errs_ra": [
    6.213788039982319,
    4.909243681281805,
    4.462757781644662,
    4.237143823131919,
    4.093965058624745,
    4.002384084959825,
    3.934856523360525,
    3.876168981194496,
    3.829770376616054,
    3.792674325108528,
    3.756693089956587,
    3.726706826562683,
    3.6972571696226413,
    3.6693581731191705
  ],
  "valid_errs": [
    3.5329341222291157,
    3.7202951493178014,
    3.6342261429676332,
    3.9417381843603976,
    3.6827155302669157,
    3.740462430333149,
    3.3885315746003535,
    3.5501426912542793,
    3.260351051242047,
    3.2808949477846774,
    3.3257535943868355,
    3.409982237407652,
    3.1293053108907936,
    3.038223599071748
  ]
}