{
  "times": [
    7,
    15,
    23,
    31,
    39,
    47,
    54,
    62,
    70,
    78,
    86,
    94,
    101,
    109
  ],
  "epochs": [
    1,
    1,
    2,
    2,
    2,
    3,
    3,
    3,
    4,
    4,
    4,
    5,
    5,
    5
  ],
  "batches": [
    320,
    640,
    960,
    1280,
    1600,
    1920,
    2240,
    2560,
    2880,
    3200,
    3520,
    3840,
    4160,
    4480
  ],
  "train_errs": [
    2.470819813013077,
    2.1723269179463385,
    2.138205146789551,
    2.1068795453757048,
    2.083878343179822,
    2.077462572976947,
    2.0753716390579937,
    2.0512244164943696,
    2.061131150275469,
    2.0530776150524614,
    2.0510373964905737,
    2.0455230422317983,
    2.0450824078172447,
    2.047755931690335
  ],
  "train_errs_ra": [
    2.470819813013077,
    2.3215733654797077,
    2.260450625916322,
    2.2220578557811677,
    2.1944219532608984,
    2.174928723213573,
    2.160706282619919,
    2.147021049354225,
    2.1374777272343635,
    2.1290377160161733,
    2.1219467778774823,
    2.115578133240342,
    2.110155385130873,
    2.1056982813136917
  ],
  "valid_errs": [
    2.227348340421158,
    2.1900601529073254,
    2.151608386059172,
    2.159639940922744,
    2.1164259995065464,
    2.113749799327665,
    2.0966153592665617,
    2.1068158826322607,
    2.101069574858485,
    2.0835940496194096,
    2.088701392535918,
    2.0853790435420194,
    2.0675701439361953,
    2.082553472291642
  ]
}