{
  "times": [
    2,
    4,
    7,
    9,
    12,
    14,
    17,
    19,
    22,
    24,
    27,
    29,
    32,
    34,
    36,
    39,
    41,
    44,
    46,
    49,
    51,
    54,
    56,
    58,
    61,
    63,
    66,
    68,
    71,
    73,
    76,
    78,
    80,
    83,
    85,
    88,
    90,
    93,
    95,
    98,
    100
  ],
  "epochs": [
    1,
    1,
    2,
    2,
    3,
    3,
    4,
    4,
    5,
    5,
    6,
    6,
    7,
    7,
    8,
    8,
    9,
    9,
    10,
    10,
    11,
    11,
    12,
    12,
    12,
    13,
    13,
    14,
    14,
    15,
    15,
    16,
    16,
    17,
    17,
    18,
    18,
    19,
    19,
    20,
    20
  ],
  "batches": [
    100,
    200,
    300,
    400,
    500,
    600,
    700,
    800,
    900,
    1000,
    1100,
    1200,
    1300,
    1400,
    1500,
    1600,
    1700,
    1800,
    1900,
    2000,
    2100,
    2200,
    2300,
    2400,
    2500,
    2600,
    2700,
    2800,
    2900,
    3000,
    3100,
    3200,
    3300,
    3400,
    3500,
    3600,
    3700,
    3800,
    3900,
    4000,
    4100
  ],
  "train_errs": [
    3.8515735602378847,
    3.290368435382843,
    3.1669069218635557,
    3.1521724534034727,
    3.133749153614044,
    3.1370162534713746,
    3.1313798928260805,
    3.1243045687675477,
    3.1291136169433593,
    3.1147405695915222,
    3.1267507791519167,
    3.1147192907333374,
    3.121882448196411,
    3.1091792368888855,
    3.106670048236847,
    3.1037738800048826,
    3.095524940490723,
    3.0940715718269347,
    3.0841671586036683,
    3.0732462310791018,
    3.0636335825920105,
    3.0429606366157533,
    3.031608316898346,
    3.0038014030456544,
    2.981251227855682,
    2.9434333300590514,
    2.913281116485596,
    2.86904999256134,
    2.8390858507156373,
    2.8284877157211303,
    2.7742890429496767,
    2.7575663208961485,
    2.7112025690078734,
    2.7044529724121094,
    2.6726667213439943,
    2.662975902557373,
    2.6357653737068176,
    2.618084402084351,
    2.6094129848480225,
    2.582240626811981,
    2.582598385810852
  ],
  "train_errs_ra": [
    3.8515735602378847,
    3.570970997810364,
    3.436282972494761,
    3.365255342721939,
    3.3189541049003606,
    3.288631129662196,
    3.266166667257037,
    3.248433904945851,
    3.2351760951677964,
    3.223132542610169,
    3.214370564113964,
    3.2060662913322453,
    3.1995906110910273,
    3.1931326557908744,
    3.187368481953939,
    3.182143819332123,
    3.177048591164982,
    3.1724387567573125,
    3.1677928831702786,
    3.1630655505657197,
    3.158330694947924,
    3.1530866013873706,
    3.14780493684437,
    3.141804789602757,
    3.135382647132874,
    3.1279999810915733,
    3.1200474305506107,
    3.1110832363367082,
    3.1017040161428784,
    3.09259680612882,
    3.0823288137682026,
    3.072179985865951,
    3.061241276264191,
    3.0507475026214825,
    3.039945194584983,
    3.0294738253619937,
    3.0188330563983405,
    3.0082870391795513,
    2.998059499324897,
    2.987664027512074,
    2.977784377714483
  ],
  "valid_errs": [
    3.47895230095962,
    3.2432568772085784,
    3.2065505447058844,
    3.1919061027724167,
    3.1902715008834313,
    3.18373481569619,
    3.1816500466445397,
    3.1794412506037744,
    3.177934802811721,
    3.178983153968022,
    3.1784155451018234,
    3.170985460281372,
    3.1663316323839386,
    3.1641749677986932,
    3.1593412243086716,
    3.1554608262818435,
    3.171531484044831,
    3.143736744749135,
    3.128837560785228,
    3.1191032385003976,
    3.1156903998605134,
    3.0867552099556756,
    3.069219872869294,
    3.039533824756228,
    3.0041298866271973,
    2.9888626172624786,
    2.93122425161559,
    2.9013849373521476,
    2.8616815353262015,
    2.836318455893418,
    2.806759139587139,
    2.777204488885814,
    2.7506921209138016,
    2.7283659803456275,
    2.714276461765684,
    2.684766341900003,
    2.7078172009566734,
    2.65911891542632,
    2.6412033377022577,
    2.656923433829998,
    2.60982647846485
  ]
}