{
  "times": [
    14,
    29,
    44,
    58,
    73,
    88,
    103,
    118,
    133,
    148,
    163,
    178,
    193,
    207
  ],
  "epochs": [
    1,
    1,
    2,
    2,
    2,
    3,
    3,
    3,
    4,
    4,
    4,
    5,
    5,
    5
  ],
  "batches": [
    640,
    1280,
    1920,
    2560,
    3200,
    3840,
    4480,
    5120,
    5760,
    6400,
    7040,
    7680,
    8320,
    8960
  ],
  "train_errs": [
    3.6236760422587393,
    2.569508884102106,
    2.465444328635931,
    2.3623997433111072,
    2.2996485721319915,
    2.2750097064301373,
    2.260556570068002,
    2.240623873285949,
    2.2446234969422223,
    2.234230076521635,
    2.2174675250425935,
    2.2208936685696243,
    2.2233796114102007,
    2.222611717879772
  ],
  "train_errs_ra": [
    3.6236760422587393,
    3.0965924631804227,
    2.886209751665592,
    2.7552572495769705,
    2.6641355140879748,
    2.5992812128116687,
    2.550891978134002,
    2.5121084650279952,
    2.4823879130184645,
    2.4575721293687813,
    2.4357444380664006,
    2.4178402072750025,
    2.402881699900787,
    2.3900052726135717
  ],
  "valid_errs": [
    2.804734912027794,
    2.58320165001961,
    2.450760918300553,
    2.303985231159697,
    2.296891242144212,
    2.306382789175202,
    2.420280826693607,
    2.5258452448960043,
    2.4424482057295687,
    2.340500778447651,
    6.549161842228964,
    2.3012234591959264,
    2.625633502836398,
    2.2682507880693246
  ]
}