{
  "cwd": "/afs/inf.ed.ac.uk/user/s14/s1449692/studies/fyp/project/char-rnn-experiments",
  "0": {
    "train_loss": 4.463693364731164,
    "valid_loss": 4.493664263892676
  },
  "best": {
    "valid_loss": 2.1606392045898883,
    "index": 8,
    "hyperparams": {
      "adapt": true,
      "delta": 0.01,
      "n": 5
    }
  },
  "1": {
    "train_loss": 4.46369003148897,
    "valid_loss": 4.494624314327618
  },
  "2": {
    "train_loss": 3.549006436835294,
    "valid_loss": 3.59648437162816
  },
  "3": {
    "train_loss": 3.5488969648112407,
    "valid_loss": 3.6042600154037507
  },
  "4": {
    "train_loss": 2.841126478891603,
    "valid_loss": 2.9304053908835073
  },
  "5": {
    "train_loss": 2.8401953544681575,
    "valid_loss": 2.9518618829502183
  },
  "6": {
    "train_loss": 2.2960503226921185,
    "valid_loss": 2.431325318023911
  },
  "7": {
    "train_loss": 2.2921965352409055,
    "valid_loss": 2.4891858760643584
  },
  "8": {
    "train_loss": 1.940844903296497,
    "valid_loss": 2.1606392045898883
  },
  "9": {
    "train_loss": 1.9307641845574484,
    "valid_loss": 2.257836073076663
  },
  "10": {
    "train_loss": 1.7220479861666744,
    "valid_loss": 2.164842237249585
  },
  "11": {
    "train_loss": 1.702584931725058,
    "valid_loss": 2.3067453910848887
  },
  "12": {
    "train_loss": 1.5590580670616514,
    "valid_loss": 2.385858018223672
  },
  "13": {
    "train_loss": 1.530317480494798,
    "valid_loss": 2.569395898903334
  },
  "14": {
    "train_loss": 1.4151793837290834,
    "valid_loss": 2.7735405753897715
  },
  "15": {
    "train_loss": 1.3802616771810878,
    "valid_loss": 2.9911469833929356
  },
  "16": {
    "train_loss": 1.2829332684609946,
    "valid_loss": 3.2697755333127816
  },
  "17": {
    "train_loss": 1.2457103359778934,
    "valid_loss": 3.5049956636812825
  },
  "experiment_duration_min": 23.067176679770153
}