{
  "times": [
    14,
    29,
    44,
    59,
    74,
    89,
    103,
    117,
    132,
    147,
    162,
    177,
    192,
    207
  ],
  "epochs": [
    1,
    1,
    2,
    2,
    2,
    3,
    3,
    3,
    4,
    4,
    4,
    5,
    5,
    5
  ],
  "batches": [
    640,
    1280,
    1920,
    2560,
    3200,
    3840,
    4480,
    5120,
    5760,
    6400,
    7040,
    7680,
    8320,
    8960
  ],
  "train_errs": [
    3.3703101282939314,
    2.1753233898431064,
    2.1420953342691065,
    2.1045980265364053,
    2.093086246214807,
    2.098596207424998,
    2.106289915367961,
    2.1157684030011294,
    2.1219135781750085,
    2.131380207836628,
    2.160628224723041,
    2.1612150739878415,
    2.154139333963394,
    2.6353084480389954
  ],
  "train_errs_ra": [
    3.3703101282939314,
    2.772816759068519,
    2.562576284135381,
    2.448081719735637,
    2.377082625031471,
    2.330668222097059,
    2.2986141782786165,
    2.275758456368931,
    2.2586645810140507,
    2.245936143696308,
    2.238180878335102,
    2.2317670613061638,
    2.2257956976644127,
    2.2550466084054546
  ],
  "valid_errs": [
    2.2317508229943197,
    2.198714125676004,
    2.1529709574345626,
    2.150731709729395,
    2.1352740392747735,
    2.175110372565465,
    2.1593329725537638,
    2.230365176752616,
    2.2472788640121264,
    98.46355250547882,
    2.2494988718837283,
    2.41240282416082,
    2.21842911154471,
    2.3410592318403567
  ]
}