{
  "times": [
    2,
    5,
    7,
    10,
    12,
    15,
    18,
    20,
    23,
    25,
    27,
    30,
    32,
    35,
    37,
    40,
    42,
    45,
    47,
    50,
    52,
    54,
    57,
    59,
    62,
    64,
    67,
    69
  ],
  "epochs": [
    1,
    1,
    2,
    2,
    2,
    3,
    3,
    3,
    4,
    4,
    4,
    5,
    5,
    5,
    6,
    6,
    7,
    7,
    7,
    8,
    8,
    8,
    9,
    9,
    9,
    10,
    10,
    10
  ],
  "batches": [
    80,
    160,
    240,
    320,
    400,
    480,
    560,
    640,
    720,
    800,
    880,
    960,
    1040,
    1120,
    1200,
    1280,
    1360,
    1440,
    1520,
    1600,
    1680,
    1760,
    1840,
    1920,
    2000,
    2080,
    2160,
    2240
  ],
  "train_errs": [
    6.046651089191437,
    2.667863991856575,
    2.594008594751358,
    2.5146206855773925,
    2.4352425068616865,
    2.408594435453415,
    2.3607725381851195,
    2.320582216978073,
    2.2991766184568405,
    2.2773875147104263,
    2.251081621646881,
    2.25110681951046,
    2.2086073726415636,
    2.186306020617485,
    2.1815326035022737,
    2.154113304615021,
    2.156368313729763,
    2.1264710903167723,
    2.1182240039110183,
    2.1285112738609313,
    2.0975899383425713,
    2.094395379722118,
    2.1011942744255068,
    2.0911775544285773,
    2.0718322113156318,
    2.0723964869976044,
    3.0965277150273325,
    3.129814791679382
  ],
  "train_errs_ra": [
    6.046651089191437,
    4.357257540524007,
    3.7695078919331237,
    3.455786090344191,
    3.2516773736476905,
    3.111163550615311,
    3.003964834553855,
    2.9185420073568826,
    2.8497236308124334,
    2.792490019202233,
    2.743271073969928,
    2.7022573860983057,
    2.664284308140095,
    2.63014300188848,
    2.600235641996066,
    2.572352995909751,
    2.547883308722693,
    2.5244715188112528,
    2.5030900706586086,
    2.4843611308187246,
    2.4659434549865265,
    2.4490549061108715,
    2.4339305308202035,
    2.4196491568038856,
    2.4057364789843554,
    2.392915710061788,
    2.4189754139494,
    2.444362534582614
  ],
  "valid_errs": [
    2.8659864491749496,
    2.5446045407683693,
    2.5978298474345025,
    2.401491250615017,
    2.5500067257514827,
    2.54238324047219,
    2.352483530857975,
    2.3592194707164125,
    2.287078888298913,
    2.352269211021775,
    2.275828359791686,
    2.3673954863800977,
    2.2524509838884175,
    2.2293442044747067,
    2.1804392881324652,
    2.2134479182235274,
    2.1903953856530705,
    2.1699462647944943,
    2.1619889523101548,
    2.20859698428372,
    2.113056508677624,
    2.138787815585036,
    2.12703107516569,
    2.1357088187676156,
    2.1187243673935248,
    2.131525985048497,
    3.3775549397718274,
    2.9682364785286204
  ]
}