{
  "cwd": "/afs/inf.ed.ac.uk/user/s14/s1449692/studies/fyp/project/char-rnn-experiments",
  "0": {
    "train_loss": 4.493438582251409,
    "valid_loss": 4.466636095178172
  },
  "best": {
    "valid_loss": 2.1113987347307,
    "index": 10,
    "hyperparams": {
      "adapt": true,
      "delta": 0.01,
      "n": 6
    }
  },
  "1": {
    "train_loss": 4.493435249166898,
    "valid_loss": 4.467953422442012
  },
  "2": {
    "train_loss": 3.597496155752571,
    "valid_loss": 3.570698985868818
  },
  "3": {
    "train_loss": 3.5973762295763603,
    "valid_loss": 3.575561198552875
  },
  "4": {
    "train_loss": 2.899525213125174,
    "valid_loss": 2.9014180491860806
  },
  "5": {
    "train_loss": 2.898404859571298,
    "valid_loss": 2.92002712239162
  },
  "6": {
    "train_loss": 2.3280776931432934,
    "valid_loss": 2.3987540887376135
  },
  "7": {
    "train_loss": 2.3235428489582155,
    "valid_loss": 2.4479719084530354
  },
  "8": {
    "train_loss": 1.946551887028488,
    "valid_loss": 2.1337574429996593
  },
  "9": {
    "train_loss": 1.9351731275621804,
    "valid_loss": 2.225272432264582
  },
  "10": {
    "train_loss": 1.724901158766096,
    "valid_loss": 2.1113987347307
  },
  "11": {
    "train_loss": 1.7033737640810944,
    "valid_loss": 2.243840091454228
  },
  "12": {
    "train_loss": 1.5665557023514929,
    "valid_loss": 2.297178924712299
  },
  "13": {
    "train_loss": 1.5347719756146738,
    "valid_loss": 2.4721105836287194
  },
  "14": {
    "train_loss": 1.4285501062574169,
    "valid_loss": 2.6523598861372286
  },
  "15": {
    "train_loss": 1.389525645617435,
    "valid_loss": 2.8661878644758887
  },
  "16": {
    "train_loss": 1.2989717884147756,
    "valid_loss": 3.12751881166595
  },
  "17": {
    "train_loss": 1.2570091912558647,
    "valid_loss": 3.3698743438224708
  },
  "experiment_duration_min": 28.248680039246878
}