{
  "batch_size": 100,
  "num_timesteps": 5,
  "lr": 0.05,
  "epochs": 10,
  "valid_losses": [
    3.5533086996983663,
    2.38817044478889,
    2.270851883198306,
    2.220324474743048,
    2.1821891755050133,
    2.146298152232409,
    2.1169921487922125,
    2.0967274844888495,
    2.0836269184652982,
    2.0748249303030546,
    2.0687665239199795
  ],
  "train_losses": [
    2.4893555641174316,
    2.1988344192504883,
    2.157005548477173,
    2.1341867446899414,
    1.9066177606582642,
    1.9932074546813965,
    2.036020040512085,
    1.9359208345413208,
    1.899272084236145,
    1.8899041414260864,
    1.9793338775634766,
    1.8505833148956299,
    1.8546361923217773,
    1.712518572807312,
    1.932671308517456,
    1.77769136428833,
    1.7854737043380737,
    1.8757582902908325,
    1.9387935400009155,
    1.7477058172225952,
    1.6930382251739502,
    1.745568871498108,
    1.8333250284194946,
    1.7090922594070435,
    1.6402369737625122,
    1.7398192882537842,
    1.788644790649414,
    1.7891281843185425,
    1.7815330028533936,
    1.6445969343185425,
    1.7408586740493774,
    1.6122835874557495,
    1.6952602863311768,
    1.784350872039795,
    1.6929672956466675,
    1.6405909061431885,
    1.5421761274337769,
    1.6946873664855957,
    1.595285415649414,
    1.6590423583984375,
    1.6983431577682495,
    1.7334603071212769,
    1.706178069114685,
    1.7458689212799072,
    1.8293509483337402,
    1.5678704977035522,
    1.7241730690002441,
    1.6450001001358032,
    1.5644686222076416,
    1.6733680963516235,
    1.7691893577575684,
    1.7503982782363892,
    1.8207502365112305,
    1.7204958200454712,
    1.7280293703079224,
    1.702641487121582,
    1.510672926902771,
    1.5786051750183105,
    1.5419704914093018,
    1.6172606945037842,
    1.6579326391220093,
    1.597534418106079,
    1.4576663970947266,
    1.4469107389450073,
    1.615328311920166,
    1.6605571508407593,
    1.6782594919204712,
    1.6472491025924683,
    1.4819612503051758,
    1.4686630964279175,
    1.486248254776001,
    1.41575026512146,
    1.521679401397705,
    1.5530076026916504,
    1.5604584217071533,
    1.525820255279541,
    1.4943972826004028,
    1.5459883213043213,
    1.4970636367797852,
    1.5211538076400757,
    1.4134535789489746,
    1.6001644134521484,
    1.502762794494629,
    1.5185281038284302,
    1.6077539920806885,
    1.676609754562378,
    1.4773519039154053,
    1.4737354516983032,
    1.4433060884475708,
    1.581700325012207,
    1.4503859281539917,
    1.4148778915405273,
    1.511096715927124,
    1.5499646663665771,
    1.5666779279708862,
    1.5650627613067627,
    1.4932082891464233,
    1.5409497022628784,
    1.4197050333023071,
    1.481323003768921,
    1.6232104301452637,
    1.4751352071762085,
    1.4617446660995483,
    1.3679932355880737,
    1.5293340682983398,
    1.430045247077942,
    1.4741405248641968,
    1.5374019145965576,
    1.6032674312591553,
    1.5683720111846924,
    1.5928428173065186,
    1.627558946609497,
    1.3965405225753784,
    1.5437884330749512,
    1.5010572671890259,
    1.4176201820373535,
    1.5294485092163086,
    1.610908031463623,
    1.590653896331787,
    1.674540638923645,
    1.5785292387008667,
    1.59458327293396,
    1.5574167966842651,
    1.3771883249282837,
    1.4593554735183716,
    1.4091808795928955,
    1.4669297933578491,
    1.5134189128875732,
    1.445928692817688,
    1.3380975723266602,
    1.3082642555236816,
    1.5012595653533936,
    1.5114567279815674,
    1.5693867206573486,
    1.541685700416565,
    1.3851346969604492,
    1.3604531288146973,
    1.383022665977478,
    1.31650972366333,
    1.4298112392425537,
    1.450484275817871,
    1.4853435754776,
    1.452214002609253,
    1.423878788948059,
    1.4325913190841675,
    1.410948395729065,
    1.4383940696716309,
    1.3377233743667603,
    1.5053240060806274,
    1.4348704814910889,
    1.4541515111923218,
    1.5251317024230957,
    1.5895942449569702,
    1.402164101600647,
    1.3984054327011108,
    1.3417779207229614,
    1.504166603088379,
    1.3696048259735107,
    1.328991174697876,
    1.4233829975128174,
    1.4616360664367676,
    1.4911922216415405,
    1.4799201488494873,
    1.423248052597046,
    1.4652713537216187,
    1.355726718902588,
    1.3971647024154663,
    1.5563299655914307,
    1.3941246271133423,
    1.3860886096954346,
    1.2990617752075195,
    1.4577854871749878,
    1.3631607294082642,
    1.397579550743103,
    1.472348928451538,
    1.5282973051071167,
    1.505337119102478,
    1.5287132263183594,
    1.5356433391571045,
    1.317807912826538,
    1.456565260887146,
    1.4297508001327515,
    1.3568499088287354,
    1.4739642143249512,
    1.5278154611587524,
    1.4967917203903198,
    1.5934085845947266,
    1.4917446374893188,
    1.5074477195739746,
    1.4994838237762451,
    1.3140459060668945,
    1.3937026262283325,
    1.3445218801498413,
    1.4033281803131104,
    1.4430345296859741,
    1.3766478300094604,
    1.2936756610870361,
    1.2549238204956055,
    1.4467756748199463,
    1.437043309211731,
    1.516754388809204,
    1.4877127408981323,
    1.3267241716384888,
    1.3028550148010254,
    1.3258954286575317,
    1.263377070426941,
    1.3721860647201538,
    1.4011057615280151,
    1.4413073062896729,
    1.4081921577453613,
    1.3741450309753418,
    1.3816932439804077,
    1.3635221719741821,
    1.3945302963256836,
    1.2972323894500732,
    1.444778561592102,
    1.3829244375228882,
    1.4051010608673096,
    1.4801244735717773,
    1.5255846977233887,
    1.3510780334472656,
    1.3475104570388794,
    1.2848091125488281,
    1.4532378911972046,
    1.3124167919158936,
    1.2776719331741333,
    1.3620140552520752,
    1.4067758321762085,
    1.4479591846466064,
    1.4273725748062134,
    1.3888143301010132,
    1.4167762994766235,
    1.3189195394515991,
    1.3393670320510864,
    1.4990787506103516,
    1.3464831113815308,
    1.3358720541000366,
    1.251953363418579,
    1.403714656829834,
    1.3246842622756958,
    1.3458219766616821,
    1.4302829504013062,
    1.4743365049362183,
    1.4587870836257935,
    1.4766145944595337,
    1.4750516414642334,
    1.2729676961898804,
    1.4009753465652466,
    1.381667971611023,
    1.3120901584625244,
    1.4353151321411133,
    1.481711745262146,
    1.4272621870040894,
    1.5435289144515991,
    1.4339971542358398,
    1.4423550367355347,
    1.4635916948318481,
    1.265195369720459,
    1.35215425491333,
    1.2959017753601074,
    1.3553948402404785,
    1.3897274732589722,
    1.3297308683395386,
    1.2569575309753418,
    1.2162706851959229,
    1.4055649042129517,
    1.38829505443573,
    1.4738019704818726,
    1.4431337118148804,
    1.2792887687683105,
    1.2564046382904053,
    1.2847652435302734,
    1.225578784942627,
    1.3225384950637817,
    1.362797737121582,
    1.3956571817398071,
    1.3710448741912842,
    1.3344910144805908,
    1.3417763710021973,
    1.3309437036514282,
    1.3601229190826416,
    1.262235164642334,
    1.3928362131118774,
    1.336081624031067,
    1.3584082126617432,
    1.4455636739730835,
    1.4754924774169922,
    1.3061352968215942,
    1.306838870048523,
    1.251179575920105,
    1.4078342914581299,
    1.2677128314971924,
    1.232794165611267,
    1.3195531368255615,
    1.3661166429519653,
    1.4120800495147705,
    1.3804534673690796,
    1.3484482765197754,
    1.3686705827713013,
    1.2799289226531982,
    1.3077242374420166,
    1.4608875513076782,
    1.3178178071975708,
    1.2925102710723877,
    1.211032748222351,
    1.358971357345581,
    1.2968041896820068,
    1.3061715364456177,
    1.3869702816009521,
    1.4235076904296875,
    1.4126996994018555,
    1.4312553405761719,
    1.4316577911376953,
    1.2405019998550415,
    1.3476903438568115,
    1.3512781858444214,
    1.2734891176223755,
    1.4019529819488525,
    1.4355320930480957,
    1.3757288455963135,
