{
  "times": [
    2,
    5,
    7,
    10,
    13,
    15,
    18,
    21,
    24,
    26,
    29,
    32,
    34,
    37,
    40,
    43,
    45,
    48,
    51,
    53,
    56
  ],
  "epochs": [
    1,
    2,
    3,
    4,
    5,
    6,
    7,
    8,
    9,
    10,
    11,
    12,
    13,
    14,
    15,
    16,
    17,
    18,
    19,
    20,
    20
  ],
  "batches": [
    100,
    200,
    300,
    400,
    500,
    600,
    700,
    800,
    900,
    1000,
    1100,
    1200,
    1300,
    1400,
    1500,
    1600,
    1700,
    1800,
    1900,
    2000,
    2100
  ],
  "train_errs": [
    3.2485485339164732,
    3.1136693930625916,
    3.0116624355316164,
    2.8120317316055297,
    2.649074921607971,
    2.535027115345001,
    2.4430075907707214,
    2.3608549284934996,
    2.292592132091522,
    2.238691363334656,
    2.188169786930084,
    2.1482043182849884,
    2.1071283531188967,
    2.069195727109909,
    2.0425221693515776,
    2.0141004621982574,
    1.9901557064056397,
    1.9610527288913726,
    1.9394178485870361,
    1.9156291210651397,
    1.9018707740306855
  ],
  "train_errs_ra": [
    3.2485485339164732,
    3.1811089634895326,
    3.1246267875035603,
    3.0464780235290525,
    2.9669974031448367,
    2.8950023551781974,
    2.830431674548558,
    2.7717345812916756,
    2.718496531380547,
    2.670516014575958,
    2.626666357517242,
    2.5867945209145544,
    2.5498971233918115,
    2.5155613093716758,
    2.4840253667036696,
    2.4546550601720813,
    2.427331568774055,
    2.401427188780573,
    2.3771109077177552,
    2.3540368183851244,
    2.332505101987294
  ],
  "valid_errs": [
    3.1834080137055496,
    3.1268105917963487,
    2.951478177103503,
    2.748720670568532,
    2.607392360424173,
    2.543255493558686,
    2.4194853223603348,
    2.370076031520449,
    2.335205546740828,
    2.2419634934129387,
    2.2333046978917617,
    2.1765446745116135,
    2.1293370394871154,
    2.1611014399035224,
    2.0622903725196577,
    2.087232676045648,
    2.008116837205558,
    2.019157680971869,
    1.9749171733856201,
    2.0104906106817313,
    1.953552299532397
  ]
}